Year,Month,Day,Marsh,Zone,Cage,Treatment,Nitrate,Ammonium,Salinity,UV
2016,April,26,KF1,reg,1,ambient,NA,NA,NA,NA
2016,April,26,KF1,reg,2,ambient,NA,NA,NA,NA
2016,April,26,KF1,reg,3,no,NA,NA,NA,NA
2016,April,26,KF1,reg,4,ambient,NA,NA,NA,NA
2016,April,26,KF1,reg,5,no,NA,NA,NA,NA
2016,April,26,KF1,reg,6,no,NA,NA,NA,NA
2016,April,26,KF1,reg,7,ambient,NA,NA,NA,NA
2016,April,26,KF1,reg,8,ambient,NA,NA,NA,NA
2016,April,26,KF1,reg,9,no,NA,NA,NA,NA
2016,April,26,KF1,reg,10,no,NA,NA,NA,NA
2016,April,26,KF1,reg,A,cc,NA,NA,NA,NA
2016,April,26,KF1,reg,B,cc,NA,NA,NA,NA
2016,April,26,KF2,reg,11,ambient,NA,NA,NA,NA
2016,April,26,KF2,reg,12,no,NA,NA,NA,NA
2016,April,26,KF2,reg,13,no,NA,NA,NA,NA
2016,April,26,KF2,reg,14,no,NA,NA,NA,NA
2016,April,26,KF2,reg,15,ambient,NA,NA,NA,NA
2016,April,26,KF2,reg,16,no,NA,NA,NA,NA
2016,April,26,KF2,reg,17,ambient,NA,NA,NA,NA
2016,April,26,KF2,reg,18,no,NA,NA,NA,NA
2016,April,26,KF2,reg,19,ambient,NA,NA,NA,NA
2016,April,26,KF2,reg,20,ambient,NA,NA,NA,NA
2016,April,26,KF2,reg,C,cc,NA,NA,NA,NA
2016,April,26,KF2,reg,D,cc,NA,NA,NA,NA
2016,May,25,KF1,reg,1,ambient,NA,NA,NA,NA
2016,May,25,KF1,reg,2,ambient,NA,NA,NA,NA
2016,May,25,KF1,reg,3,no,NA,NA,NA,NA
2016,May,25,KF1,reg,4,ambient,NA,NA,NA,NA
2016,May,25,KF1,reg,5,no,NA,NA,NA,NA
2016,May,25,KF1,reg,6,no,NA,NA,NA,NA
2016,May,25,KF1,reg,7,ambient,NA,NA,NA,NA
2016,May,25,KF1,reg,8,ambient,NA,NA,NA,NA
2016,May,25,KF1,reg,9,no,NA,NA,NA,NA
2016,May,25,KF1,reg,10,no,NA,NA,NA,NA
2016,May,25,KF1,reg,A,cc,NA,NA,NA,NA
2016,May,25,KF1,reg,B,cc,NA,NA,NA,NA
2016,May,25,KF2,reg,11,ambient,NA,NA,NA,NA
2016,May,25,KF2,reg,12,no,NA,NA,NA,NA
2016,May,25,KF2,reg,13,no,NA,NA,NA,NA
2016,May,25,KF2,reg,14,no,NA,NA,NA,NA
2016,May,25,KF2,reg,15,ambient,NA,NA,NA,NA
2016,May,25,KF2,reg,16,no,NA,NA,NA,NA
2016,May,25,KF2,reg,17,ambient,NA,NA,NA,NA
2016,May,25,KF2,reg,18,no,NA,NA,NA,NA
2016,May,25,KF2,reg,19,ambient,NA,NA,NA,NA
2016,May,25,KF2,reg,20,ambient,NA,NA,NA,NA
2016,May,25,KF2,reg,C,cc,NA,NA,NA,NA
2016,May,25,KF2,reg,D,cc,NA,NA,NA,NA
2016,May,13,SDL,hi,21,no,NA,NA,NA,NA
2016,May,13,SDL,hi,22,no,NA,NA,NA,NA
2016,May,13,SDL,hi,23,ambient,NA,NA,NA,NA
2016,May,13,SDL,hi,24,no,NA,NA,NA,NA
2016,May,13,SDL,hi,25,ambient,NA,NA,NA,NA
2016,May,13,SDL,hi,26,ambient,NA,NA,NA,NA
2016,May,13,SDL,hi,27,no,NA,NA,NA,NA
2016,May,13,SDL,hi,28,no,NA,NA,NA,NA
2016,May,13,SDL,hi,29,ambient,NA,NA,NA,NA
2016,May,13,SDL,hi,30,ambient,NA,NA,NA,NA
2016,May,13,SDL,mid,31,ambient,NA,NA,NA,NA
2016,May,13,SDL,mid,32,no,NA,NA,NA,NA
2016,May,13,SDL,mid,33,no,NA,NA,NA,NA
2016,May,13,SDL,mid,34,ambient,NA,NA,NA,NA
2016,May,13,SDL,mid,35,ambient,NA,NA,NA,NA
2016,May,13,SDL,mid,36,no,NA,NA,NA,NA
2016,May,13,SDL,mid,37,ambient,NA,NA,NA,NA
2016,May,13,SDL,mid,38,no,NA,NA,NA,NA
2016,May,13,SDL,mid,39,ambient,NA,NA,NA,NA
2016,May,13,SDL,mid,40,no,NA,NA,NA,NA
2016,May,13,SDL,lo,41,no,NA,NA,NA,NA
2016,May,13,SDL,lo,42,no,NA,NA,NA,NA
2016,May,13,SDL,lo,43,ambient,NA,NA,NA,NA
2016,May,13,SDL,lo,44,ambient,NA,NA,NA,NA
2016,May,13,SDL,lo,45,ambient,NA,NA,NA,NA
2016,May,13,SDL,lo,46,no,NA,NA,NA,NA
2016,May,13,SDL,lo,47,ambient,NA,NA,NA,NA
2016,May,13,SDL,lo,48,no,NA,NA,NA,NA
2016,May,13,SDL,lo,49,no,NA,NA,NA,NA
2016,May,13,SDL,lo,50,ambient,NA,NA,NA,NA
2016,May,13,SDL,hi,E,cc,NA,NA,NA,NA
2016,May,13,SDL,hi,F,cc,NA,NA,NA,NA
2016,May,13,SDL,mid,G,cc,NA,NA,NA,NA
2016,May,13,SDL,mid,H,cc,NA,NA,NA,NA
2016,May,13,SDL,lo,I,cc,NA,NA,NA,NA
2016,May,13,SDL,lo,J,cc,NA,NA,NA,NA
2016,June,23,KF1,reg,1,ambient,NA,NA,NA,NA
2016,June,23,KF1,reg,2,ambient,NA,NA,NA,NA
2016,June,23,KF1,reg,3,no,NA,NA,NA,NA
2016,June,23,KF1,reg,4,ambient,NA,NA,NA,NA
2016,June,23,KF1,reg,5,no,NA,NA,NA,NA
2016,June,23,KF1,reg,6,no,NA,NA,NA,NA
2016,June,23,KF1,reg,7,ambient,NA,NA,NA,NA
2016,June,23,KF1,reg,8,ambient,NA,NA,NA,NA
2016,June,23,KF1,reg,9,no,NA,NA,NA,NA
2016,June,23,KF1,reg,10,no,NA,NA,NA,NA
2016,June,23,KF1,reg,A,cc,NA,NA,NA,NA
2016,June,23,KF1,reg,B,cc,NA,NA,NA,NA
2016,June,23,KF2,reg,11,ambient,NA,NA,NA,NA
2016,June,23,KF2,reg,12,no,NA,NA,NA,NA
2016,June,23,KF2,reg,13,no,NA,NA,NA,NA
2016,June,23,KF2,reg,14,no,NA,NA,NA,NA
2016,June,23,KF2,reg,15,ambient,NA,NA,NA,NA
2016,June,23,KF2,reg,16,no,NA,NA,NA,NA
2016,June,23,KF2,reg,17,ambient,NA,NA,NA,NA
2016,June,23,KF2,reg,18,no,NA,NA,NA,NA
2016,June,23,KF2,reg,19,ambient,NA,NA,NA,NA
2016,June,23,KF2,reg,20,ambient,NA,NA,NA,NA
2016,June,23,KF2,reg,C,cc,NA,NA,NA,NA
2016,June,23,KF2,reg,D,cc,NA,NA,NA,NA
2016,June,7,SDL,hi,21,no,NA,NA,NA,NA
2016,June,7,SDL,hi,22,no,NA,NA,NA,NA
2016,June,7,SDL,hi,23,ambient,NA,NA,NA,NA
2016,June,7,SDL,hi,24,no,NA,NA,NA,NA
2016,June,7,SDL,hi,25,ambient,NA,NA,NA,NA
2016,June,7,SDL,hi,26,ambient,NA,NA,NA,NA
2016,June,7,SDL,hi,27,no,NA,NA,NA,NA
2016,June,7,SDL,hi,28,no,NA,NA,NA,NA
2016,June,7,SDL,hi,29,ambient,NA,NA,NA,NA
2016,June,7,SDL,hi,30,ambient,NA,NA,NA,NA
2016,June,7,SDL,mid,31,ambient,NA,NA,NA,NA
2016,June,7,SDL,mid,32,no,NA,NA,NA,NA
2016,June,7,SDL,mid,33,no,NA,NA,NA,NA
2016,June,7,SDL,mid,34,ambient,NA,NA,NA,NA
2016,June,7,SDL,mid,35,ambient,NA,NA,NA,NA
2016,June,7,SDL,mid,36,no,NA,NA,NA,NA
2016,June,7,SDL,mid,37,ambient,NA,NA,NA,NA
2016,June,7,SDL,mid,38,no,NA,NA,NA,NA
2016,June,7,SDL,mid,39,ambient,NA,NA,NA,NA
2016,June,7,SDL,mid,40,no,NA,NA,NA,NA
2016,June,7,SDL,lo,41,no,NA,NA,NA,NA
2016,June,7,SDL,lo,42,no,NA,NA,NA,NA
2016,June,7,SDL,lo,43,ambient,NA,NA,NA,NA
2016,June,7,SDL,lo,44,ambient,NA,NA,NA,NA
2016,June,7,SDL,lo,45,ambient,NA,NA,NA,NA
2016,June,7,SDL,lo,46,no,NA,NA,NA,NA
2016,June,7,SDL,lo,47,ambient,NA,NA,NA,NA
2016,June,7,SDL,lo,48,no,NA,NA,NA,NA
2016,June,7,SDL,lo,49,no,NA,NA,NA,NA
2016,June,7,SDL,lo,50,ambient,NA,NA,NA,NA
2016,June,7,SDL,hi,E,cc,NA,NA,NA,NA
2016,June,7,SDL,hi,F,cc,NA,NA,NA,NA
2016,June,7,SDL,mid,G,cc,NA,NA,NA,NA
2016,June,7,SDL,mid,H,cc,NA,NA,NA,NA
2016,June,7,SDL,lo,I,cc,NA,NA,NA,NA
2016,June,7,SDL,lo,J,cc,NA,NA,NA,NA
2016,July,21,KF1,reg,1,ambient,1.765,23.575,41,0.8315
2016,July,21,KF1,reg,2,ambient,1.621,60.648,41,0.423
2016,July,21,KF1,reg,3,no,1.642,76.776,40,1.207
2016,July,21,KF1,reg,4,ambient,1.96,168.273,38,-0.2285
2016,July,21,KF1,reg,5,no,1.355,326.272,42,1.316
2016,July,21,KF1,reg,6,no,1.621,10.733,35,0.646
2016,July,21,KF1,reg,7,ambient,1.293,177.752,40,0.6845
2016,July,21,KF1,reg,8,ambient,2.104,84.038,38,0.9765
2016,July,21,KF1,reg,9,no,1.837,85.108,41,0.925
2016,July,21,KF1,reg,10,no,1.663,14.861,40,0.925
2016,July,21,KF1,reg,A,cc,NA,NA,NA,NA
2016,July,21,KF1,reg,B,cc,NA,NA,NA,NA
2016,July,21,KF2,reg,11,ambient,1.611,19.753,37,0.591
2016,July,21,KF2,reg,12,no,1.591,54.38,36,0.79
2016,July,21,KF2,reg,13,no,1.56,34.735,43,0.892
2016,July,21,KF2,reg,14,no,2.956,120.652,40,0.508
2016,July,21,KF2,reg,15,ambient,1.652,45.131,41,0.529
2016,July,21,KF2,reg,16,no,2.854,17.919,39,0.579
2016,July,21,KF2,reg,17,ambient,2.751,21.741,37,0.6375
2016,July,21,KF2,reg,18,no,1.611,15.243,40,0.469
2016,July,21,KF2,reg,19,ambient,2.094,8.746,41,0.567
2016,July,21,KF2,reg,20,ambient,2.833,75.324,40,0.668
2016,July,21,KF2,reg,C,cc,NA,NA,NA,NA
2016,July,21,KF2,reg,D,cc,NA,NA,NA,NA
2016,July,6,SDL,hi,21,no,0.32,33.804,NA,1.225
2016,July,6,SDL,hi,22,no,0.963,127.606,NA,1.598
2016,July,6,SDL,hi,23,ambient,-0.113,46.568,NA,1.4245
2016,July,6,SDL,hi,24,no,1.878,-5.777,NA,0.9705
2016,July,6,SDL,hi,25,ambient,-0.314,21.258,NA,1.3685
2016,July,6,SDL,hi,26,ambient,-0.868,1.856,NA,1.1425
2016,July,6,SDL,hi,27,no,-0.244,2.585,NA,1.1485
2016,July,6,SDL,hi,28,no,-0.536,-5.293,NA,1.1045
2016,July,6,SDL,hi,29,ambient,-1.129,-2.229,NA,1.114
2016,July,6,SDL,hi,30,ambient,-0.616,9.441,NA,1.057
2016,July,6,SDL,mid,31,ambient,-0.455,-6.46,46,1.0155
2016,July,6,SDL,mid,32,no,-0.677,11.265,46,1.094
2016,July,6,SDL,mid,33,no,-0.335,1.199,52,1.099
2016,July,6,SDL,mid,34,ambient,-0.244,-1.791,36,0.9365
2016,July,6,SDL,mid,35,ambient,-0.214,13.526,46,1.079
2016,July,6,SDL,mid,36,no,0.148,72.244,45,1.1265
2016,July,6,SDL,mid,37,ambient,-1.059,7.399,41,0.9475
2016,July,6,SDL,mid,38,no,-0.938,-2.448,47,1.098
2016,July,6,SDL,mid,39,ambient,-0.465,4.409,50,1.0485
2016,July,6,SDL,mid,40,no,2.504,5.536,49,1.04
2016,July,6,SDL,lo,41,no,-0.093,20.893,NA,0.692
2016,July,6,SDL,lo,42,no,-0.294,13.234,NA,0.748
2016,July,6,SDL,lo,43,ambient,-0.425,26.51,NA,0.807
2016,July,6,SDL,lo,44,ambient,3.141,36.875,NA,0.527
2016,July,6,SDL,lo,45,ambient,0.229,24.321,NA,0.3205
2016,July,6,SDL,lo,46,no,-0.385,19.434,NA,0.849
2016,July,6,SDL,lo,47,ambient,-0.475,22.936,NA,0.4885
2016,July,6,SDL,lo,48,no,-0.697,6.524,NA,0.2055
2016,July,6,SDL,lo,49,no,-0.526,14.037,NA,0.598
2016,July,6,SDL,lo,50,ambient,0.043,30.667,NA,0.938
2016,July,6,SDL,hi,E,cc,NA,NA,NA,NA
2016,July,6,SDL,hi,F,cc,NA,NA,NA,NA
2016,July,6,SDL,mid,G,cc,NA,NA,NA,NA
2016,July,6,SDL,mid,H,cc,NA,NA,NA,NA
2016,July,6,SDL,lo,I,cc,NA,NA,NA,NA
2016,July,6,SDL,lo,J,cc,NA,NA,NA,NA
2016,August,16,KF1,reg,1,ambient,0.304,34.314,36,0.972
2016,August,16,KF1,reg,2,ambient,-0.048,21.987,41,0.703
2016,August,16,KF1,reg,3,no,0.265,28.844,40,1.082
2016,August,16,KF1,reg,4,ambient,0.633,68.305,38,1.0415
2016,August,16,KF1,reg,5,no,0.296,70.42,40,1.5625
2016,August,16,KF1,reg,6,no,0.265,2.95,39,0.961
2016,August,16,KF1,reg,7,ambient,3.049,42.761,39,0.0985
2016,August,16,KF1,reg,8,ambient,3.449,49.946,37,1.2005
2016,August,16,KF1,reg,9,no,3.233,25.562,40,1.2715
2016,August,16,KF1,reg,10,no,2.71,-8.147,41,0.9445
2016,August,16,KF1,reg,A,cc,NA,NA,NA,NA
2016,August,16,KF1,reg,B,cc,NA,NA,NA,NA
2016,August,16,KF2,reg,11,ambient,2.617,-3.026,35,1.095
2016,August,16,KF2,reg,12,no,2.874,59.654,34,1.2385
2016,August,16,KF2,reg,13,no,3.326,31.601,40,0.127
2016,August,16,KF2,reg,14,no,3.531,122.792,37,0.3925
2016,August,16,KF2,reg,15,ambient,3.737,61.718,37,1.265
2016,August,16,KF2,reg,16,no,3.808,35.347,35,1.0375
2016,August,16,KF2,reg,17,ambient,2.946,48.647,35,1.2725
2016,August,16,KF2,reg,18,no,2.7,24.874,38,1.1385
2016,August,16,KF2,reg,19,ambient,2.422,-4.249,38,0.074
2016,August,16,KF2,reg,20,ambient,3.408,53.233,36,1.4085
2016,August,16,KF2,reg,C,cc,NA,NA,NA,NA
2016,August,16,KF2,reg,D,cc,NA,NA,NA,NA
2016,August,2,SDL,hi,21,no,2.173,1.048,56,0.9425
2016,August,2,SDL,hi,22,no,1.595,3.775,62,1.0775
2016,August,2,SDL,hi,23,ambient,-0.854,-1.073,53,0.947
2016,August,2,SDL,hi,24,no,-1.7,3.813,43,0.806
2016,August,2,SDL,hi,25,ambient,-0.764,4.457,54,0.9515
2016,August,2,SDL,hi,26,ambient,-1.187,5.366,49,0.6825
2016,August,2,SDL,hi,27,no,-1.814,3.889,50,1.0425
2016,August,2,SDL,hi,28,no,-1.318,-2.777,41,0.7125
2016,August,2,SDL,hi,29,ambient,-0.602,14.115,50,0.9265
2016,August,2,SDL,hi,30,ambient,-2.082,15.024,44,0.993
2016,August,2,SDL,mid,31,ambient,-2.107,20.288,47,0.63
2016,August,2,SDL,mid,32,no,-2.131,28.848,49,1.096
2016,August,2,SDL,mid,33,no,-2.53,23.356,55,1.002
2016,August,2,SDL,mid,34,ambient,-2.245,31.348,40,1.0055
2016,August,2,SDL,mid,35,ambient,-2.928,38.582,43,0.714
2016,August,2,SDL,mid,36,no,-2.977,58.845,46,1.021
2016,August,2,SDL,mid,37,ambient,-0.496,28.545,43,0.766
2016,August,2,SDL,mid,38,no,1.758,26.386,46,0.85
2016,August,2,SDL,mid,39,ambient,-1.244,21.955,49,0.8095
2016,August,2,SDL,mid,40,no,-1.586,24.038,46,0.7595
2016,August,2,SDL,lo,41,no,-1.236,48.05,37,0.201
2016,August,2,SDL,lo,42,no,-1.464,49.527,33,0.6585
2016,August,2,SDL,lo,43,ambient,-2.318,54.83,38,0.5405
2016,August,2,SDL,lo,44,ambient,-1.887,43.505,37,0.7865
2016,August,2,SDL,lo,45,ambient,-1.44,71.646,36,0.8425
2016,August,2,SDL,lo,46,no,-1.602,38.279,33,0.7885
2016,August,2,SDL,lo,47,ambient,-1.179,37.029,42,0.6485
2016,August,2,SDL,lo,48,no,-1.554,22.22,27,0.494
2016,August,2,SDL,lo,49,no,-1.651,36.044,31,0.4075
2016,August,2,SDL,lo,50,ambient,-1.497,17.94,25,0.403
2016,August,2,SDL,hi,E,cc,NA,NA,NA,NA
2016,August,2,SDL,hi,F,cc,NA,NA,NA,NA
2016,August,2,SDL,mid,G,cc,NA,NA,NA,NA
2016,August,2,SDL,mid,H,cc,NA,NA,NA,NA
2016,August,2,SDL,lo,I,cc,NA,NA,NA,NA
2016,August,2,SDL,lo,J,cc,NA,NA,NA,NA
2016,September,8,KF1,reg,1,ambient,1.047,-0.656,43,0.2425
2016,September,8,KF1,reg,2,ambient,1.365,-3.331,45,0.342
2016,September,8,KF1,reg,3,no,1.118,-5.319,46,0.3835
2016,September,8,KF1,reg,4,ambient,1.95,51.857,45,0.466
2016,September,8,KF1,reg,5,no,2.135,17.842,46,0.859
2016,September,8,KF1,reg,6,no,2.792,-12.198,45,0.231
2016,September,8,KF1,reg,7,ambient,2.053,0.491,46,0.4805
2016,September,8,KF1,reg,8,ambient,2.012,22.352,45,0.549
2016,September,8,KF1,reg,9,no,1.159,1.179,45,1.028
2016,September,8,KF1,reg,10,no,1.611,-7.612,45,0.6045
2016,September,8,KF1,reg,A,cc,NA,NA,NA,NA
2016,September,8,KF1,reg,B,cc,NA,NA,NA,NA
2016,September,8,KF2,reg,11,ambient,-0.033,16.079,45,0.808
2016,September,8,KF2,reg,12,no,-0.158,81.872,44,1.368
2016,September,8,KF2,reg,13,no,1.426,18.148,49,1.1915
2016,September,8,KF2,reg,14,no,1.919,105.67,45,1.0145
2016,September,8,KF2,reg,15,ambient,2.525,55.526,45,1.1375
2016,September,8,KF2,reg,16,no,2.587,49.641,45,1.2615
2016,September,8,KF2,reg,17,ambient,2.484,-0.962,45,1.279
2016,September,8,KF2,reg,18,no,1.909,28.238,45,0.5235
2016,September,8,KF2,reg,19,ambient,1.519,28.008,45,1.1535
2016,September,8,KF2,reg,20,ambient,1.837,80.904,45,0.126
2016,September,8,KF2,reg,C,cc,NA,NA,NA,NA
2016,September,8,KF2,reg,D,cc,NA,NA,NA,NA
2016,September,7,SDL,hi,21,no,10.823,12.14,64,0.996
2016,September,7,SDL,hi,22,no,18.026,-5.73,66,1.067
2016,September,7,SDL,hi,23,ambient,13.417,-4.636,65,1.28
2016,September,7,SDL,hi,24,no,22.027,6.378,54,1.071
2016,September,7,SDL,hi,25,ambient,26.8,14.766,5,1.2585
2016,September,7,SDL,hi,26,ambient,20.706,12.359,61,1.1285
2016,September,7,SDL,hi,27,no,26.839,18.267,56,1.1025
2016,September,7,SDL,hi,28,no,17.765,17.903,49,0.899
2016,September,7,SDL,hi,29,ambient,22.837,-7.262,61,0.938
2016,September,7,SDL,hi,30,ambient,12.163,3.241,56,1.1035
2016,September,7,SDL,mid,31,ambient,6.966,1.564,52,1.149
2016,September,7,SDL,mid,32,no,6.706,-3.25,55,1.028
2016,September,7,SDL,mid,33,no,7.14,9.004,56,1.0495
2016,September,7,SDL,mid,34,ambient,7.111,12.943,44,0.9645
2016,September,7,SDL,mid,35,ambient,6.793,25.416,53,1.0195
2016,September,7,SDL,mid,36,no,7.535,23.008,51,0.996
2016,September,7,SDL,mid,37,ambient,-0.652,2.293,52,0.7685
2016,September,7,SDL,mid,38,no,7.053,35.117,54,0.978
2016,September,7,SDL,mid,39,ambient,6.889,4.336,54,1.084
2016,September,7,SDL,mid,40,no,7.034,4.481,51,1.004
2016,September,7,SDL,lo,41,no,7.574,18.049,44,1.119
2016,September,7,SDL,lo,42,no,7.516,17.538,40,1.051
2016,September,7,SDL,lo,43,ambient,7.815,9.077,45,1.0445
2016,September,7,SDL,lo,44,ambient,7.535,7.837,45,0.8805
2016,September,7,SDL,lo,45,ambient,NA,NA,37,NA
2016,September,7,SDL,lo,46,no,-0.425,23.154,41,1.106
2016,September,7,SDL,lo,47,ambient,-0.229,-2.74,46,0.8785
2016,September,7,SDL,lo,48,no,-0.189,7.691,36,1.0525
2016,September,7,SDL,lo,49,no,0.053,5.138,39,1.027
2016,September,7,SDL,lo,50,ambient,0.218,2.22,30,0.9875
2016,September,7,SDL,hi,E,cc,NA,NA,NA,NA
2016,September,7,SDL,hi,F,cc,NA,NA,NA,NA
2016,September,7,SDL,mid,G,cc,NA,NA,NA,NA
2016,September,7,SDL,mid,H,cc,NA,NA,NA,NA
2016,September,7,SDL,lo,I,cc,NA,NA,NA,NA
2016,September,7,SDL,lo,J,cc,NA,NA,NA,NA
2016,October,7,KF1,reg,1,ambient,NA,NA,NA,NA
2016,October,7,KF1,reg,2,ambient,NA,NA,NA,NA
2016,October,7,KF1,reg,3,no,NA,NA,NA,NA
2016,October,7,KF1,reg,4,ambient,NA,NA,NA,NA
2016,October,7,KF1,reg,5,no,NA,NA,NA,NA
2016,October,7,KF1,reg,6,no,NA,NA,NA,NA
2016,October,7,KF1,reg,7,ambient,NA,NA,NA,NA
2016,October,7,KF1,reg,8,ambient,NA,NA,NA,NA
2016,October,7,KF1,reg,9,no,NA,NA,NA,NA
2016,October,7,KF1,reg,10,no,NA,NA,NA,NA
2016,October,7,KF1,reg,A,cc,NA,NA,NA,NA
2016,October,7,KF1,reg,B,cc,NA,NA,NA,NA
2016,October,7,KF2,reg,11,ambient,NA,NA,NA,NA
2016,October,7,KF2,reg,12,no,NA,NA,NA,NA
2016,October,7,KF2,reg,13,no,NA,NA,NA,NA
2016,October,7,KF2,reg,14,no,NA,NA,NA,NA
2016,October,7,KF2,reg,15,ambient,NA,NA,NA,NA
2016,October,7,KF2,reg,16,no,NA,NA,NA,NA
2016,October,7,KF2,reg,17,ambient,NA,NA,NA,NA
2016,October,7,KF2,reg,18,no,NA,NA,NA,NA
2016,October,7,KF2,reg,19,ambient,NA,NA,NA,NA
2016,October,7,KF2,reg,20,ambient,NA,NA,NA,NA
2016,October,7,KF2,reg,C,cc,NA,NA,NA,NA
2016,October,7,KF2,reg,D,cc,NA,NA,NA,NA
2016,October,8,SDL,hi,21,no,NA,NA,NA,NA
2016,October,8,SDL,hi,22,no,NA,NA,NA,NA
2016,October,8,SDL,hi,23,ambient,NA,NA,NA,NA
2016,October,8,SDL,hi,24,no,NA,NA,NA,NA
2016,October,8,SDL,hi,25,ambient,NA,NA,NA,NA
2016,October,8,SDL,hi,26,ambient,NA,NA,NA,NA
2016,October,8,SDL,hi,27,no,NA,NA,NA,NA
2016,October,8,SDL,hi,28,no,NA,NA,NA,NA
2016,October,8,SDL,hi,29,ambient,NA,NA,NA,NA
2016,October,8,SDL,hi,30,ambient,NA,NA,NA,NA
2016,October,8,SDL,mid,31,ambient,NA,NA,NA,NA
2016,October,8,SDL,mid,32,no,NA,NA,NA,NA
2016,October,8,SDL,mid,33,no,NA,NA,NA,NA
2016,October,8,SDL,mid,34,ambient,NA,NA,NA,NA
2016,October,8,SDL,mid,35,ambient,NA,NA,NA,NA
2016,October,8,SDL,mid,36,no,NA,NA,NA,NA
2016,October,8,SDL,mid,37,ambient,NA,NA,NA,NA
2016,October,8,SDL,mid,38,no,NA,NA,NA,NA
2016,October,8,SDL,mid,39,ambient,NA,NA,NA,NA
2016,October,8,SDL,mid,40,no,NA,NA,NA,NA
2016,October,8,SDL,lo,41,no,NA,NA,NA,NA
2016,October,8,SDL,lo,42,no,NA,NA,NA,NA
2016,October,8,SDL,lo,43,ambient,NA,NA,NA,NA
2016,October,8,SDL,lo,44,ambient,NA,NA,NA,NA
2016,October,8,SDL,lo,45,ambient,NA,NA,NA,NA
2016,October,8,SDL,lo,46,no,NA,NA,NA,NA
2016,October,8,SDL,lo,47,ambient,NA,NA,NA,NA
2016,October,8,SDL,lo,48,no,NA,NA,NA,NA
2016,October,8,SDL,lo,49,no,NA,NA,NA,NA
2016,October,8,SDL,lo,50,ambient,NA,NA,NA,NA
2016,October,8,SDL,hi,E,cc,NA,NA,NA,NA
2016,October,8,SDL,hi,F,cc,NA,NA,NA,NA
2016,October,8,SDL,mid,G,cc,NA,NA,NA,NA
2016,October,8,SDL,mid,H,cc,NA,NA,NA,NA
2016,October,8,SDL,lo,I,cc,NA,NA,NA,NA
2016,October,8,SDL,lo,J,cc,NA,NA,NA,NA
2017,April,14,KF1,reg,1,ambient,NA,NA,NA,NA
2017,April,14,KF1,reg,2,ambient,NA,NA,NA,NA
2017,April,14,KF1,reg,3,no,NA,NA,NA,NA
2017,April,14,KF1,reg,4,ambient,NA,NA,NA,NA
2017,April,14,KF1,reg,5,no,NA,NA,NA,NA
2017,April,14,KF1,reg,6,no,NA,NA,NA,NA
2017,April,14,KF1,reg,7,ambient,NA,NA,NA,NA
2017,April,14,KF1,reg,8,ambient,NA,NA,NA,NA
2017,April,14,KF1,reg,9,no,NA,NA,NA,NA
2017,April,14,KF1,reg,10,no,NA,NA,NA,NA
2017,April,14,KF1,reg,51,high,NA,NA,NA,NA
2017,April,14,KF1,reg,52,high,NA,NA,NA,NA
2017,April,14,KF1,reg,53,high,NA,NA,NA,NA
2017,April,14,KF1,reg,54,high,NA,NA,NA,NA
2017,April,14,KF1,reg,55,high,NA,NA,NA,NA
2017,April,14,KF1,reg,A,cc,NA,NA,NA,NA
2017,April,14,KF1,reg,B,cc,NA,NA,NA,NA
2017,April,14,KF1,reg,K,cc,NA,NA,NA,NA
2017,April,14,KF1,reg,L,cc,NA,NA,NA,NA
2017,April,14,KF1,reg,M,cc,NA,NA,NA,NA
2017,April,14,KF1,reg,N,ncc,NA,NA,NA,NA
2017,April,14,KF1,reg,O,ncc,NA,NA,NA,NA
2017,April,14,KF1,reg,P,ncc,NA,NA,NA,NA
2017,April,14,KF1,reg,Q,ncc,NA,NA,NA,NA
2017,April,14,KF1,reg,R,ncc,NA,NA,NA,NA
2017,April,14,KF2,reg,11,ambient,NA,NA,NA,NA
2017,April,14,KF2,reg,12,no,NA,NA,NA,NA
2017,April,14,KF2,reg,13,no,NA,NA,NA,NA
2017,April,14,KF2,reg,14,no,NA,NA,NA,NA
2017,April,14,KF2,reg,15,ambient,NA,NA,NA,NA
2017,April,14,KF2,reg,16,no,NA,NA,NA,NA
2017,April,14,KF2,reg,17,ambient,NA,NA,NA,NA
2017,April,14,KF2,reg,18,no,NA,NA,NA,NA
2017,April,14,KF2,reg,19,ambient,NA,NA,NA,NA
2017,April,14,KF2,reg,20,ambient,NA,NA,NA,NA
2017,April,14,KF2,reg,56,high,NA,NA,NA,NA
2017,April,14,KF2,reg,57,high,NA,NA,NA,NA
2017,April,14,KF2,reg,58,high,NA,NA,NA,NA
2017,April,14,KF2,reg,59,high,NA,NA,NA,NA
2017,April,14,KF2,reg,60,high,NA,NA,NA,NA
2017,April,14,KF2,reg,C,cc,NA,NA,NA,NA
2017,April,14,KF2,reg,D,cc,NA,NA,NA,NA
2017,April,14,KF2,reg,S,cc,NA,NA,NA,NA
2017,April,14,KF2,reg,T,cc,NA,NA,NA,NA
2017,April,14,KF2,reg,U,cc,NA,NA,NA,NA
2017,April,14,KF2,reg,V,ncc,NA,NA,NA,NA
2017,April,14,KF2,reg,W,ncc,NA,NA,NA,NA
2017,April,14,KF2,reg,X,ncc,NA,NA,NA,NA
2017,April,14,KF2,reg,Y,ncc,NA,NA,NA,NA
2017,April,14,KF2,reg,Z,ncc,NA,NA,NA,NA
2017,April,15,SDL,hi,21,no,NA,NA,NA,NA
2017,April,15,SDL,hi,22,no,NA,NA,NA,NA
2017,April,15,SDL,hi,23,ambient,NA,NA,NA,NA
2017,April,15,SDL,hi,24,no,NA,NA,NA,NA
2017,April,15,SDL,hi,25,ambient,NA,NA,NA,NA
2017,April,15,SDL,hi,26,ambient,NA,NA,NA,NA
2017,April,15,SDL,hi,27,no,NA,NA,NA,NA
2017,April,15,SDL,hi,28,no,NA,NA,NA,NA
2017,April,15,SDL,hi,29,ambient,NA,NA,NA,NA
2017,April,15,SDL,hi,30,ambient,NA,NA,NA,NA
2017,April,15,SDL,mid,31,ambient,NA,NA,NA,NA
2017,April,15,SDL,mid,32,no,NA,NA,NA,NA
2017,April,15,SDL,mid,33,no,NA,NA,NA,NA
2017,April,15,SDL,mid,34,ambient,NA,NA,NA,NA
2017,April,15,SDL,mid,35,ambient,NA,NA,NA,NA
2017,April,15,SDL,mid,36,no,NA,NA,NA,NA
2017,April,15,SDL,mid,37,ambient,NA,NA,NA,NA
2017,April,15,SDL,mid,38,no,NA,NA,NA,NA
2017,April,15,SDL,mid,39,ambient,NA,NA,NA,NA
2017,April,15,SDL,mid,40,no,NA,NA,NA,NA
2017,April,15,SDL,lo,41,no,NA,NA,NA,NA
2017,April,15,SDL,lo,42,no,NA,NA,NA,NA
2017,April,15,SDL,lo,43,ambient,NA,NA,NA,NA
2017,April,15,SDL,lo,44,ambient,NA,NA,NA,NA
2017,April,15,SDL,lo,45,ambient,NA,NA,NA,NA
2017,April,15,SDL,lo,46,no,NA,NA,NA,NA
2017,April,15,SDL,lo,47,ambient,NA,NA,NA,NA
2017,April,15,SDL,lo,48,no,NA,NA,NA,NA
2017,April,15,SDL,lo,49,no,NA,NA,NA,NA
2017,April,15,SDL,lo,50,ambient,NA,NA,NA,NA
2017,April,15,SDL,mid,61,high,NA,NA,NA,NA
2017,April,15,SDL,mid,62,high,NA,NA,NA,NA
2017,April,15,SDL,mid,63,high,NA,NA,NA,NA
2017,April,15,SDL,mid,64,high,NA,NA,NA,NA
2017,April,15,SDL,mid,65,high,NA,NA,NA,NA
2017,April,15,SDL,hi,AA,cc,NA,NA,NA,NA
2017,April,15,SDL,hi,BB,cc,NA,NA,NA,NA
2017,April,15,SDL,hi,CC,cc,NA,NA,NA,NA
2017,April,15,SDL,hi,DD,ncc,NA,NA,NA,NA
2017,April,15,SDL,hi,E,cc,NA,NA,NA,NA
2017,April,15,SDL,hi,EE,ncc,NA,NA,NA,NA
2017,April,15,SDL,hi,F,cc,NA,NA,NA,NA
2017,April,15,SDL,hi,FF,ncc,NA,NA,NA,NA
2017,April,15,SDL,mid,G,cc,NA,NA,NA,NA
2017,April,15,SDL,hi,GG,ncc,NA,NA,NA,NA
2017,April,15,SDL,mid,H,cc,NA,NA,NA,NA
2017,April,15,SDL,hi,HH,ncc,NA,NA,NA,NA
2017,April,15,SDL,lo,I,cc,NA,NA,NA,NA
2017,April,15,SDL,mid,II,cc,NA,NA,NA,NA
2017,April,15,SDL,lo,J,cc,NA,NA,NA,NA
2017,April,15,SDL,mid,JJ,cc,NA,NA,NA,NA
2017,April,15,SDL,mid,KK,cc,NA,NA,NA,NA
2017,April,15,SDL,mid,LL,ncc,NA,NA,NA,NA
2017,April,15,SDL,mid,MM,ncc,NA,NA,NA,NA
2017,April,15,SDL,mid,NN,ncc,NA,NA,NA,NA
2017,April,15,SDL,mid,OO,ncc,NA,NA,NA,NA
2017,April,15,SDL,mid,PP,ncc,NA,NA,NA,NA
2017,April,15,SDL,lo,QQ,ncc,NA,NA,NA,NA
2017,April,15,SDL,lo,RR,cc,NA,NA,NA,NA
2017,April,15,SDL,lo,SS,cc,NA,NA,NA,NA
2017,April,15,SDL,lo,TT,cc,NA,NA,NA,NA
2017,April,15,SDL,lo,UU,ncc,NA,NA,NA,NA
2017,April,15,SDL,lo,VV,ncc,NA,NA,NA,NA
2017,April,15,SDL,lo,XX,ncc,NA,NA,NA,NA
2017,April,15,SDL,lo,YY,ncc,NA,NA,NA,NA
2017,June,12,BOL,reg,1,ncc,-0.514,464.238,44,0.291
2017,June,12,BOL,reg,2,no,0.216,24.616,45,0.1825
2017,June,12,BOL,reg,3,high,4.84,71.935,45,0.273
2017,June,12,BOL,reg,4,ambient,0.396,35.193,42,0.1615
2017,June,12,BOL,reg,7,high,-0.078,28.512,43,0.165
2017,June,12,BOL,reg,9,cc,-0.031,134.34,43,0.1955
2017,June,12,BOL,reg,10,ambient,-0.533,67.592,43,0.191
2017,June,12,BOL,reg,12,no,0.102,28.401,44,0.124
2017,June,12,BOL,reg,16,no,0.272,105.448,50,0.224
2017,June,12,BOL,reg,17,ambient,0.462,31.797,47,0.211
2017,June,12,BOL,reg,18,ncc,6.243,25.228,43,0.15
2017,June,12,BOL,reg,19,cc,0.244,33.634,44,0.196
2017,June,12,BOL,reg,20,high,-0.22,16.154,45,0.1595
2017,June,12,BOL,reg,24,ncc,1.921,40.76,47,0.2685
2017,June,8,KF1,reg,1,ambient,2.681,NA,NA,NA
2017,June,8,KF1,reg,2,ambient,0.2,273.098,26,0.205
2017,June,8,KF1,reg,3,no,-3.462,0.62,27,0.125
2017,June,8,KF1,reg,4,ambient,6.16,57.949,30,0.4755
2017,June,8,KF1,reg,5,no,3.134,394.367,46,0.112
2017,June,8,KF1,reg,6,no,NA,25.951,41,0.1135
2017,June,8,KF1,reg,7,ambient,NA,15.952,26,0.124
2017,June,8,KF1,reg,8,ambient,2.408,134.554,31,0.1855
2017,June,8,KF1,reg,9,no,2.015,128.332,36,0.1075
2017,June,8,KF1,reg,10,no,2.913,64.726,31,0.1435
2017,June,8,KF1,reg,51,high,2.317,31.006,30,0.1575
2017,June,8,KF1,reg,52,high,5.868,21.84,24,0.094
2017,June,8,KF1,reg,53,high,3.669,42.005,28,0.0915
2017,June,8,KF1,reg,54,high,4.143,7.341,24,0.143
2017,June,8,KF1,reg,55,high,3.487,81.058,31,0.1355
2017,June,8,KF1,reg,A,cc,NA,NA,NA,NA
2017,June,8,KF1,reg,B,cc,NA,NA,NA,NA
2017,June,8,KF1,reg,K,cc,14.279,44.172,32,0.1925
2017,June,8,KF1,reg,L,cc,NA,NA,NA,NA
2017,June,8,KF1,reg,M,cc,NA,NA,70,NA
2017,June,8,KF1,reg,N,ncc,1.894,20.618,27,0.104
2017,June,8,KF1,reg,O,ncc,NA,NA,NA,NA
2017,June,8,KF1,reg,P,ncc,2.701,33.617,23,0.072
2017,June,8,KF1,reg,Q,ncc,NA,NA,NA,NA
2017,June,8,KF1,reg,R,ncc,NA,NA,NA,NA
2017,June,8,KF2,reg,11,ambient,3.356,58.226,27,0.1785
2017,June,8,KF2,reg,12,no,4.345,70.114,21,0.1535
2017,June,8,KF2,reg,13,no,2.681,20.729,32,0.084
2017,June,8,KF2,reg,14,no,1.591,62.448,30,0.158
2017,June,8,KF2,reg,15,ambient,3.084,23.396,25,0.196
2017,June,8,KF2,reg,16,no,1.158,147.997,24,0.2185
2017,June,8,KF2,reg,17,ambient,3.255,95.446,27,0.1485
2017,June,8,KF2,reg,18,no,3.397,83.891,42,0.18
2017,June,8,KF2,reg,19,ambient,2.418,72.781,30,0.1535
2017,June,8,KF2,reg,20,ambient,2.489,48.283,30,0.15
2017,June,8,KF2,reg,56,high,1.511,5.73,26,0.1075
2017,June,8,KF2,reg,57,high,1.228,52.227,27,0.081
2017,June,8,KF2,reg,58,high,NA,70.281,28,0.202
2017,June,8,KF2,reg,59,high,1.914,5.675,55,0.189
2017,June,8,KF2,reg,60,high,3.397,52.338,25,0.2305
2017,June,8,KF2,reg,C,cc,2.57,15.896,24,0.141
2017,June,8,KF2,reg,D,cc,NA,NA,NA,NA
2017,June,8,KF2,reg,S,cc,2.217,72.447,30,0.2685
2017,June,8,KF2,reg,T,cc,NA,NA,NA,NA
2017,June,8,KF2,reg,U,cc,NA,NA,NA,NA
2017,June,8,KF2,reg,V,ncc,3.104,59.782,28,0.099
2017,June,8,KF2,reg,W,ncc,NA,NA,NA,NA
2017,June,8,KF2,reg,X,ncc,10.497,99.501,25,0.217
2017,June,8,KF2,reg,Y,ncc,NA,NA,NA,NA
2017,June,8,KF2,reg,Z,ncc,NA,NA,NA,NA
2017,June,7,SDL,hi,21,no,NA,NA,NA,NA
2017,June,7,SDL,hi,22,no,NA,NA,NA,NA
2017,June,7,SDL,hi,23,ambient,NA,NA,NA,NA
2017,June,7,SDL,hi,24,no,NA,NA,NA,NA
2017,June,7,SDL,hi,25,ambient,NA,NA,NA,NA
2017,June,7,SDL,hi,26,ambient,NA,NA,NA,NA
2017,June,7,SDL,hi,27,no,NA,NA,NA,NA
2017,June,7,SDL,hi,28,no,NA,NA,NA,NA
2017,June,7,SDL,hi,29,ambient,NA,NA,NA,NA
2017,June,7,SDL,hi,30,ambient,NA,NA,NA,NA
2017,June,7,SDL,mid,31,ambient,1.743,NA,NA,NA
2017,June,7,SDL,mid,32,no,4.698,27.173,47,0.1955
2017,June,7,SDL,mid,33,no,1.803,19.007,51,0.199
2017,June,7,SDL,mid,34,ambient,1.995,50.283,24,0.1385
2017,June,7,SDL,mid,35,ambient,2.075,14.23,26,0.208
2017,June,7,SDL,mid,36,no,1.49,9.175,21,0.2015
2017,June,7,SDL,mid,37,ambient,NA,NA,NA,NA
2017,June,7,SDL,mid,38,no,1.41,12.341,24,0.299
2017,June,7,SDL,mid,39,ambient,2.378,13.008,20,0.2065
2017,June,7,SDL,mid,40,no,3.911,39.95,29,0.143
2017,June,7,SDL,lo,41,no,NA,NA,NA,NA
2017,June,7,SDL,lo,42,no,NA,NA,NA,NA
2017,June,7,SDL,lo,43,ambient,NA,NA,NA,NA
2017,June,7,SDL,lo,44,ambient,NA,NA,NA,NA
2017,June,7,SDL,lo,45,ambient,NA,NA,NA,NA
2017,June,7,SDL,lo,46,no,NA,NA,NA,NA
2017,June,7,SDL,lo,47,ambient,NA,NA,NA,NA
2017,June,7,SDL,lo,48,no,NA,NA,NA,NA
2017,June,7,SDL,lo,49,no,NA,NA,NA,NA
2017,June,7,SDL,lo,50,ambient,NA,NA,NA,NA
2017,June,7,SDL,mid,61,high,3.881,2.786,46,0.191
2017,June,7,SDL,mid,62,high,2.015,14.674,19,0.2095
2017,June,7,SDL,mid,63,high,4.93,35.284,26,0.151
2017,June,7,SDL,mid,64,high,2.267,51.727,51,0.166
2017,June,7,SDL,mid,65,high,3.266,5.508,17,0.174
2017,June,7,SDL,hi,AA,cc,NA,NA,NA,NA
2017,June,7,SDL,hi,BB,cc,NA,NA,NA,NA
2017,June,7,SDL,hi,CC,cc,NA,NA,NA,NA
2017,June,7,SDL,hi,DD,ncc,NA,NA,NA,NA
2017,June,7,SDL,hi,E,cc,NA,NA,NA,NA
2017,June,7,SDL,hi,EE,ncc,NA,NA,NA,NA
2017,June,7,SDL,hi,F,cc,NA,NA,NA,NA
2017,June,7,SDL,hi,FF,ncc,NA,NA,NA,NA
2017,June,7,SDL,mid,G,cc,2.126,7.508,25,0.251
2017,June,7,SDL,hi,GG,ncc,NA,NA,NA,NA
2017,June,7,SDL,mid,H,cc,NA,NA,NA,NA
2017,June,7,SDL,hi,HH,ncc,NA,NA,NA,NA
2017,June,7,SDL,lo,I,cc,NA,NA,NA,NA
2017,June,7,SDL,mid,II,cc,NA,NA,NA,NA
2017,June,7,SDL,lo,J,cc,NA,NA,NA,NA
2017,June,7,SDL,mid,JJ,cc,NA,NA,NA,NA
2017,June,7,SDL,mid,KK,cc,NA,NA,NA,NA
2017,June,7,SDL,mid,LL,ncc,1.934,6.397,28,0.2005
2017,June,7,SDL,mid,MM,ncc,NA,NA,NA,NA
2017,June,7,SDL,mid,NN,ncc,3.487,6.064,25,0.221
2017,June,7,SDL,mid,OO,ncc,NA,NA,NA,NA
2017,June,7,SDL,mid,PP,ncc,NA,NA,NA,NA
2017,June,7,SDL,lo,QQ,ncc,NA,NA,NA,NA
2017,June,7,SDL,lo,RR,cc,NA,NA,NA,NA
2017,June,7,SDL,lo,SS,cc,NA,NA,NA,NA
2017,June,7,SDL,lo,TT,cc,NA,NA,NA,NA
2017,June,7,SDL,lo,UU,ncc,NA,NA,NA,NA
2017,June,7,SDL,lo,VV,ncc,NA,NA,NA,NA
2017,June,7,SDL,lo,XX,ncc,NA,NA,NA,NA
2017,June,7,SDL,lo,YY,ncc,NA,NA,NA,NA
2017,July,13,BOL,reg,1,ncc,-0.704,215.562,49,0.3185
2017,July,13,BOL,reg,2,no,1.429,50.446,47,0.2455
2017,July,13,BOL,reg,3,high,NA,NA,NA,NA
2017,July,13,BOL,reg,4,ambient,0.604,38.143,47,0.1885
2017,July,13,BOL,reg,7,high,NA,NA,NA,NA
2017,July,13,BOL,reg,9,cc,1.476,143.359,45,0.214
2017,July,13,BOL,reg,10,ambient,-0.353,48.275,44,0.1685
2017,July,13,BOL,reg,12,no,1.476,16.544,46,0.1935
2017,July,13,BOL,reg,16,no,NA,NA,NA,NA
2017,July,13,BOL,reg,17,ambient,NA,NA,NA,NA
2017,July,13,BOL,reg,18,ncc,1.059,10.086,47,0.185
2017,July,13,BOL,reg,19,cc,8.129,10.364,45,0.1755
2017,July,13,BOL,reg,20,high,NA,NA,NA,NA
2017,July,13,BOL,reg,24,ncc,1.182,77.502,48,0.3025
2017,July,,KF1,reg,1,ambient,NA,114.277,44,0.268
2017,July,,KF1,reg,2,ambient,3.941,104.056,48,0.141
2017,July,,KF1,reg,3,no,1.702,23.118,44,0.0685
2017,July,,KF1,reg,4,ambient,5.464,48.005,50,0.098
2017,July,,KF1,reg,5,no,2.61,126.165,25,0.213
2017,July,,KF1,reg,6,no,2.529,3.453,34,0.097
2017,July,,KF1,reg,7,ambient,2.237,22.507,36,0.1185
2017,July,,KF1,reg,8,ambient,NA,90.835,43,0.177
2017,July,,KF1,reg,9,no,2.096,76.225,20,0.2305
2017,July,,KF1,reg,10,no,1.914,67.837,50,0.2365
2017,July,,KF1,reg,51,high,4.032,90.446,37,0.127
2017,July,,KF1,reg,52,high,3.245,23.562,11,0.1475
2017,July,,KF1,reg,53,high,2.6,32.006,46,0.1485
2017,July,,KF1,reg,54,high,3.276,21.229,49,0.1725
2017,July,,KF1,reg,55,high,1.793,20.174,30,0.241
2017,July,,KF1,reg,A,cc,NA,NA,NA,NA
2017,July,,KF1,reg,B,cc,NA,NA,NA,NA
2017,July,,KF1,reg,K,cc,2.64,4.897,45,0.0765
2017,July,,KF1,reg,L,cc,NA,NA,NA,NA
2017,July,,KF1,reg,M,cc,1.803,53.782,47,0.1625
2017,July,,KF1,reg,N,ncc,2.439,29.451,44,0.151
2017,July,,KF1,reg,O,ncc,NA,NA,NA,NA
2017,July,,KF1,reg,P,ncc,3.376,13.174,20,0.088
2017,July,,KF1,reg,Q,ncc,NA,NA,NA,NA
2017,July,,KF1,reg,R,ncc,NA,NA,NA,NA
2017,July,,KF2,reg,11,ambient,3.982,64.004,21,0.108
2017,July,,KF2,reg,12,no,1.864,49.56,20,0.154
2017,July,,KF2,reg,13,no,5.343,11.952,43,0.164
2017,July,,KF2,reg,14,no,1.833,117.277,20,0.232
2017,July,,KF2,reg,15,ambient,2.418,40.061,46,0.168
2017,July,,KF2,reg,16,no,1.612,330.927,16,0.2395
2017,July,,KF2,reg,17,ambient,2.6,65.281,17,0.2115
2017,July,,KF2,reg,18,no,2.307,46.672,45,0.2985
2017,July,,KF2,reg,19,ambient,2.045,44.672,47,0.12
2017,July,,KF2,reg,20,ambient,1.259,72.781,47,0.1
2017,July,,KF2,reg,56,high,NA,NA,NA,NA
2017,July,,KF2,reg,57,high,1.632,40.394,47,0.177
2017,July,,KF2,reg,58,high,2.781,96.501,20,0.1675
2017,July,,KF2,reg,59,high,3.276,94.168,40,0.127
2017,July,,KF2,reg,60,high,3.518,102.112,44,0.283
2017,July,,KF2,reg,C,cc,3.074,5.508,24,0.1205
2017,July,,KF2,reg,D,cc,NA,NA,NA,NA
2017,July,,KF2,reg,S,cc,4.708,40.894,40,0.1865
2017,July,,KF2,reg,T,cc,NA,NA,NA,NA
2017,July,,KF2,reg,U,cc,NA,NA,NA,NA
2017,July,,KF2,reg,V,ncc,15.429,47.338,16,0.1865
2017,July,,KF2,reg,W,ncc,NA,NA,NA,NNA
2017,July,,KF2,reg,X,ncc,3.427,54.338,45,0.1305
2017,July,,KF2,reg,Y,ncc,NA,NA,NA,NA
2017,July,,KF2,reg,Z,ncc,NA,NA,NA,NA
2017,July,11,SDL,mid,31,ambient,5.363,5.842,54,0.215
2017,July,26,SDL,mid,31,ambient,NA,NA,NA,NA
2017,July,11,SDL,mid,32,no,NA,NA,NA,NA
2017,July,26,SDL,mid,32,no,NA,NA,NA,NA
2017,July,11,SDL,mid,33,no,1.995,15.785,60,0.2295
2017,July,26,SDL,mid,33,no,NA,NA,NA,NA
2017,July,11,SDL,mid,34,ambient,2.56,11.341,46,0.2135
2017,July,26,SDL,mid,34,ambient,NA,NA,NA,NA
2017,July,11,SDL,mid,35,ambient,2.045,20.118,54,0.174
2017,July,26,SDL,mid,35,ambient,NA,NA,NA,NA
2017,July,11,SDL,mid,36,no,4.143,7.841,53,0.214
2017,July,26,SDL,mid,36,no,NA,NA,NA,NA
2017,July,11,SDL,mid,37,ambient,2.307,23.062,53,0.186
2017,July,26,SDL,mid,37,ambient,NA,NA,NA,NA
2017,July,11,SDL,mid,38,no,3.175,24.729,58,0.206
2017,July,26,SDL,mid,38,no,NA,NA,NA,NA
2017,July,11,SDL,mid,39,ambient,1.854,28.451,47,0.178
2017,July,26,SDL,mid,39,ambient,NA,NA,NA,NA
2017,July,11,SDL,mid,40,no,NA,NA,NA,NA
2017,July,26,SDL,mid,40,no,NA,NA,NA,NA
2017,July,11,SDL,lo,41,no,NA,NA,NA,NA
2017,July,26,SDL,lo,41,no,NA,NA,NA,NA
2017,July,11,SDL,lo,42,no,NA,NA,NA,NA
2017,July,26,SDL,lo,42,no,NA,NA,NA,NA
2017,July,11,SDL,lo,43,ambient,NA,NA,NA,NA
2017,July,26,SDL,lo,43,ambient,NA,NA,NA,NA
2017,July,11,SDL,lo,44,ambient,NA,NA,NA,NA
2017,July,26,SDL,lo,44,ambient,NA,NA,NA,NA
2017,July,11,SDL,lo,45,ambient,NA,NA,NA,NA
2017,July,26,SDL,lo,45,ambient,NA,NA,NA,NA
2017,July,11,SDL,lo,46,no,NA,NA,NA,NA
2017,July,26,SDL,lo,46,no,NA,NA,NA,NA
2017,July,11,SDL,lo,47,ambient,NA,NA,NA,NA
2017,July,26,SDL,lo,47,ambient,NA,NA,NA,NA
2017,July,11,SDL,lo,48,no,NA,NA,NA,NA
2017,July,26,SDL,lo,48,no,NA,NA,NA,NA
2017,July,11,SDL,lo,49,no,NA,NA,NA,NA
2017,July,26,SDL,lo,49,no,NA,NA,NA,NA
2017,July,11,SDL,lo,50,ambient,NA,NA,NA,NA
2017,July,26,SDL,lo,50,ambient,NA,NA,NA,NA
2017,July,11,SDL,mid,61,high,2.297,13.008,52,0.156
2017,July,26,SDL,mid,61,high,NA,NA,NA,NA
2017,July,11,SDL,mid,62,high,1.874,NA,45,NA
2017,July,26,SDL,mid,62,high,NA,NA,NA,NA
2017,July,11,SDL,mid,63,high,NA,NA,56,NA
2017,July,26,SDL,mid,63,high,NA,NA,NA,NA
2017,July,11,SDL,mid,64,high,NA,NA,57,NA
2017,July,26,SDL,mid,64,high,NA,NA,NA,NA
2017,July,11,SDL,mid,65,high,3.104,22.34,42,0.161
2017,July,26,SDL,mid,65,high,NA,NA,NA,NA
2017,July,11,SDL,mid,G,cc,2.62,9.397,61,0.2145
2017,July,26,SDL,mid,G,cc,NA,NA,NA,NA
2017,July,11,SDL,mid,H,cc,NA,NA,NA,NA
2017,July,26,SDL,mid,H,cc,NA,NA,NA,NA
2017,July,11,SDL,lo,I,cc,NA,NA,NA,NA
2017,July,26,SDL,lo,I,cc,NA,NA,NA,NA
2017,July,11,SDL,mid,II,cc,NA,NA,NA,NA
2017,July,26,SDL,mid,II,cc,NA,NA,NA,NA
2017,July,11,SDL,lo,J,cc,NA,NA,NA,NA
2017,July,26,SDL,lo,J,cc,NA,NA,NA,NA
2017,July,11,SDL,mid,JJ,cc,3.82,11.952,47,0.1965
2017,July,26,SDL,mid,JJ,cc,NA,NA,NA,NA
2017,July,11,SDL,mid,KK,cc,NA,NA,NA,NA
2017,July,26,SDL,mid,KK,cc,NA,NA,NA,NA
2017,July,11,SDL,mid,LL,ncc,NA,NA,NA,NA
2017,July,26,SDL,mid,LL,ncc,NA,NA,NA,NA
2017,July,11,SDL,mid,MM,ncc,NA,NA,NA,NA
2017,July,26,SDL,mid,MM,ncc,NA,NA,NA,NA
2017,July,11,SDL,mid,NN,ncc,NA,NA,NA,NA
2017,July,26,SDL,mid,NN,ncc,NA,NA,NA,NA
2017,July,11,SDL,mid,OO,ncc,NA,NA,NA,NA
2017,July,26,SDL,mid,OO,ncc,NA,NA,NA,NA
2017,July,11,SDL,mid,PP,ncc,NA,NA,NA,NA
2017,July,26,SDL,mid,PP,ncc,NA,NA,NA,NA
2017,July,11,SDL,lo,QQ,ncc,NA,NA,NA,NA
2017,July,26,SDL,lo,QQ,ncc,NA,NA,NA,NA
2017,July,11,SDL,lo,RR,cc,NA,NA,NA,NA
2017,July,26,SDL,lo,RR,cc,NA,NA,NA,NA
2017,July,11,SDL,lo,SS,cc,NA,NA,NA,NA
2017,July,26,SDL,lo,SS,cc,NA,NA,NA,NA
2017,July,11,SDL,lo,TT,cc,NA,NA,NA,NA
2017,July,26,SDL,lo,TT,cc,NA,NA,NA,NA
2017,July,11,SDL,lo,UU,ncc,NA,NA,NA,NA
2017,July,26,SDL,lo,UU,ncc,NA,NA,NA,NA
2017,July,11,SDL,lo,VV,ncc,NA,NA,NA,NA
2017,July,26,SDL,lo,VV,ncc,NA,NA,NA,NA
2017,July,11,SDL,lo,XX,ncc,NA,NA,NA,NA
2017,July,26,SDL,lo,XX,ncc,NA,NA,NA,NA
2017,July,11,SDL,lo,YY,ncc,NA,NA,NA,NA
2017,July,26,SDL,lo,YY,ncc,NA,NA,NA,NA
2017,August,7,KF1,reg,1,ambient,1.783,48.283,44,0.2685
2017,August,7,KF1,reg,2,ambient,3.992,63.059,48,0.1535
2017,August,7,KF1,reg,3,no,4.456,62.837,44,0.137
2017,August,7,KF1,reg,4,ambient,1.692,186.161,50,0.1275
2017,August,7,KF1,reg,5,no,3.104,199.937,2,0.4215
2017,August,7,KF1,reg,6,no,2.943,10.286,34,0.1335
2017,August,7,KF1,reg,7,ambient,2.096,95.279,36,0.0965
2017,August,7,KF1,reg,8,ambient,0.845,115.777,43,0.139
2017,August,7,KF1,reg,9,no,2.267,61.059,20,0.1145
2017,August,7,KF1,reg,10,no,3.266,14.063,50,0.1445
2017,August,7,KF1,reg,51,high,1.773,201.382,37,0.2
2017,August,7,KF1,reg,52,high,3.972,29.062,11,0.211
2017,August,7,KF1,reg,53,high,1.803,47.894,46,0.1935
2017,August,7,KF1,reg,54,high,2.055,6.564,49,0.222
2017,August,7,KF1,reg,55,high,NA,NA,30,NA
2017,August,7,KF1,reg,A,cc,NA,NA,NA,NA
2017,August,7,KF1,reg,B,cc,NA,NA,NA,NA
2017,August,7,KF1,reg,K,cc,1.4,3.842,45,0.111
2017,August,7,KF1,reg,L,cc,NA,NA,NA,NA
2017,August,7,KF1,reg,M,cc,7.048,40.561,47,0.192
2017,August,7,KF1,reg,N,ncc,1.813,64.504,44,0.083
2017,August,7,KF1,reg,O,ncc,NA,NA,NA,NA
2017,August,7,KF1,reg,P,ncc,NA,NA,20,
2017,August,7,KF1,reg,Q,ncc,NA,NA,NA,NA
2017,August,7,KF1,reg,R,ncc,NA,NA,NA,NA
2017,August,7,KF2,reg,11,ambient,4.617,23.229,21,0.183
2017,August,7,KF2,reg,12,no,1.47,108.334,20,0.292
2017,August,7,KF2,reg,13,no,1.47,125.332,43,0.136
2017,August,7,KF2,reg,14,no,2.237,339.593,20,0.2435
2017,August,7,KF2,reg,15,ambient,1.722,138.498,46,0.2725
2017,August,7,KF2,reg,16,no,1.743,123.666,16,0.1795
2017,August,7,KF2,reg,17,ambient,0.603,124.055,17,0.251
2017,August,7,KF2,reg,18,no,1.319,66.281,45,0.183
2017,August,7,KF2,reg,19,ambient,1.47,51.394,47,0.1085
2017,August,7,KF2,reg,20,ambient,4.002,234.157,47,0.1005
2017,August,7,KF2,reg,56,high,NA,NA,NA,NA
2017,August,7,KF2,reg,57,high,2.055,87.724,47,0.0825
2017,August,7,KF2,reg,58,high,1.158,119.722,20,0.1115
2017,August,7,KF2,reg,59,high,1.259,247.267,40,0.1445
2017,August,7,KF2,reg,60,high,0.895,107.889,44,0.1255
2017,August,7,KF2,reg,C,cc,1.914,17.73,24,0.1235
2017,August,7,KF2,reg,D,cc,NA,NA,NA,NA
2017,August,7,KF2,reg,S,cc,NA,NA,40,
2017,August,7,KF2,reg,T,cc,NA,NA,NA,NA
2017,August,7,KF2,reg,U,cc,NA,NA,NA,NA
2017,August,7,KF2,reg,V,ncc,3.356,229.157,16,0.1735
2017,August,7,KF2,reg,W,ncc,NA,NA,NA,NA
2017,August,7,KF2,reg,X,ncc,2.307,42.783,45,0.076
2017,August,7,KF2,reg,Y,ncc,NA,NA,NA,NA
2017,August,7,KF2,reg,Z,ncc,NA,NA,NA,NA
2017,August,8,SDL,hi,21,no,NA,NA,NA,NA
2017,August,8,SDL,hi,22,no,NA,NA,NA,NA
2017,August,8,SDL,hi,23,ambient,NA,NA,NA,NA
2017,August,8,SDL,hi,24,no,NA,NA,NA,NA
2017,August,8,SDL,hi,25,ambient,NA,NA,NA,NA
2017,August,8,SDL,hi,26,ambient,NA,NA,NA,NA
2017,August,8,SDL,hi,27,no,NA,NA,NA,NA
2017,August,8,SDL,hi,28,no,NA,NA,NA,NA
2017,August,8,SDL,hi,29,ambient,NA,NA,NA,NA
2017,August,8,SDL,hi,30,ambient,NA,NA,NA,NA
2017,August,8,SDL,mid,31,ambient,2.721,12.174,54,0.2
2017,August,23,SDL,mid,31,ambient,NA,NA,NA,NA
2017,August,8,SDL,mid,32,no,4.365,NA,NA,NA
2017,August,23,SDL,mid,32,no,NA,NA,NA,NA
2017,August,8,SDL,mid,33,no,4.274,6.619,60,0.2285
2017,August,23,SDL,mid,33,no,NA,NA,NA,NA
2017,August,8,SDL,mid,34,ambient,2.368,15.73,46,0.189
2017,August,23,SDL,mid,34,ambient,NA,NA,NA,NA
2017,August,8,SDL,mid,35,ambient,2.519,NA,54,0.162
2017,August,23,SDL,mid,35,ambient,NA,NA,NA,NA
2017,August,8,SDL,mid,36,no,3.982,-4.991,53,0.239
2017,August,23,SDL,mid,36,no,NA,NA,NA,NA
2017,August,8,SDL,mid,37,ambient,11.526,-2.936,53,0.176
2017,August,23,SDL,mid,37,ambient,NA,NA,NA,NA
2017,August,8,SDL,mid,38,no,3.225,14.841,58,0.181
2017,August,23,SDL,mid,38,no,NA,NA,NA,NA
2017,August,8,SDL,mid,39,ambient,3.114,4.675,47,0.192
2017,August,23,SDL,mid,39,ambient,NA,NA,NA,NA
2017,August,8,SDL,mid,40,no,NA,NA,NA,0.236
2017,August,23,SDL,mid,40,no,NA,NA,NA,NA
2017,August,8,SDL,lo,41,no,NA,NA,NA,NA
2017,August,23,SDL,lo,41,no,NA,NA,NA,NA
2017,August,8,SDL,lo,42,no,NA,NA,NA,NA
2017,August,23,SDL,lo,42,no,NA,NA,NA,NA
2017,August,8,SDL,lo,43,ambient,NA,NA,NA,NA
2017,August,23,SDL,lo,43,ambient,NA,NA,NA,NA
2017,August,8,SDL,lo,44,ambient,NA,NA,NA,NA
2017,August,23,SDL,lo,44,ambient,NA,NA,NA,NA
2017,August,8,SDL,lo,45,ambient,NA,NA,NA,NA
2017,August,23,SDL,lo,45,ambient,NA,NA,NA,NA
2017,August,8,SDL,lo,46,no,NA,NA,NA,NA
2017,August,23,SDL,lo,46,no,NA,NA,NA,NA
2017,August,8,SDL,lo,47,ambient,NA,NA,NA,NA
2017,August,23,SDL,lo,47,ambient,NA,NA,NA,NA
2017,August,8,SDL,lo,48,no,NA,NA,NA,NA
2017,August,23,SDL,lo,48,no,NA,NA,NA,NA
2017,August,8,SDL,lo,49,no,NA,NA,NA,NA
2017,August,23,SDL,lo,49,no,NA,NA,NA,NA
2017,August,8,SDL,lo,50,ambient,NA,NA,NA,NA
2017,August,23,SDL,lo,50,ambient,NA,NA,NA,NA
2017,August,8,SDL,mid,61,high,NA,NA,53,0.2005
2017,August,23,SDL,mid,61,high,NA,NA,NA,NA
2017,August,8,SDL,mid,62,high,4.829,21.396,45,0.188
2017,August,23,SDL,mid,62,high,NA,NA,NA,NA
2017,August,8,SDL,mid,63,high,5.474,-1.825,56,0.2265
2017,August,23,SDL,mid,63,high,NA,NA,NA,NA
2017,August,8,SDL,mid,64,high,1.763,1.397,57,0.202
2017,August,23,SDL,mid,64,high,NA,NA,NA,NA
2017,August,8,SDL,mid,65,high,9.034,10.897,42,0.224
2017,August,23,SDL,mid,65,high,NA,NA,NA,NA
2017,August,8,SDL,hi,AA,cc,NA,NA,NA,NA
2017,August,8,SDL,hi,BB,cc,NA,NA,NA,NA
2017,August,8,SDL,hi,CC,cc,NA,NA,NA,NA
2017,August,8,SDL,hi,DD,ncc,NA,NA,NA,NA
2017,August,8,SDL,hi,E,cc,NA,NA,NA,NA
2017,August,8,SDL,hi,EE,ncc,NA,NA,NA,NA
2017,August,8,SDL,hi,F,cc,NA,NA,NA,NA
2017,August,8,SDL,hi,FF,ncc,NA,NA,NA,NA
2017,August,8,SDL,mid,G,cc,3.538,8.619,61,0.2285
2017,August,23,SDL,mid,G,cc,NA,NA,NA,NA
2017,August,8,SDL,hi,GG,ncc,NA,NA,NA,NA
2017,August,8,SDL,mid,H,cc,NA,NA,NA,NA
2017,August,23,SDL,mid,H,cc,NA,NA,NA,NA
2017,August,8,SDL,hi,HH,ncc,NA,NA,NA,NA
2017,August,8,SDL,lo,I,cc,NA,NA,NA,NA
2017,August,23,SDL,lo,I,cc,NA,NA,NA,NA
2017,August,8,SDL,mid,II,cc,NA,NA,NA,NA
2017,August,23,SDL,mid,II,cc,NA,NA,NA,NA
2017,August,8,SDL,lo,J,cc,NA,NA,NA,NA
2017,August,23,SDL,lo,J,cc,NA,NA,NA,NA
2017,August,8,SDL,mid,JJ,cc,NA,NA,47,NA
2017,August,23,SDL,mid,JJ,cc,NA,NA,NA,NA
2017,August,8,SDL,mid,KK,cc,NA,NA,NA,NA
2017,August,23,SDL,mid,KK,cc,NA,NA,NA,NA
2017,August,8,SDL,mid,LL,ncc,4.224,4.231,NA,0.3285
2017,August,23,SDL,mid,LL,ncc,NA,NA,NA,NA
2017,August,8,SDL,mid,MM,ncc,NA,NA,NA,NA
2017,August,23,SDL,mid,MM,ncc,NA,NA,NA,NA
2017,August,8,SDL,mid,NN,ncc,3.891,13.841,NA,0.2245
2017,August,23,SDL,mid,NN,ncc,NA,NA,NA,NA
2017,August,8,SDL,mid,OO,ncc,NA,NA,NA,NA
2017,August,23,SDL,mid,OO,ncc,NA,NA,NA,NA
2017,August,8,SDL,mid,PP,ncc,NA,NA,NA,NA
2017,August,23,SDL,mid,PP,ncc,NA,NA,NA,NA
2017,August,8,SDL,lo,QQ,ncc,NA,NA,NA,NA
2017,August,23,SDL,lo,QQ,ncc,NA,NA,NA,NA
2017,August,8,SDL,lo,RR,cc,NA,NA,NA,NA
2017,August,23,SDL,lo,RR,cc,NA,NA,NA,NA
2017,August,8,SDL,lo,SS,cc,NA,NA,NA,NA
2017,August,23,SDL,lo,SS,cc,NA,NA,NA,NA
2017,August,8,SDL,lo,TT,cc,NA,NA,NA,NA
2017,August,23,SDL,lo,TT,cc,NA,NA,NA,NA
2017,August,8,SDL,lo,UU,ncc,NA,NA,NA,NA
2017,August,23,SDL,lo,UU,ncc,NA,NA,NA,NA
2017,August,8,SDL,lo,VV,ncc,NA,NA,NA,NA
2017,August,23,SDL,lo,VV,ncc,NA,NA,NA,NA
2017,August,8,SDL,lo,XX,ncc,NA,NA,NA,NA
2017,August,23,SDL,lo,XX,ncc,NA,NA,NA,NA
2017,August,8,SDL,lo,YY,ncc,NA,NA,NA,NA
2017,August,23,SDL,lo,YY,ncc,NA,NA,NA,NA
2017,September,10,KF1,reg,1,ambient,NA,NA,NA,NA
2017,September,10,KF1,reg,2,ambient,NA,NA,NA,NA
2017,September,10,KF1,reg,3,no,NA,NA,NA,NA
2017,September,10,KF1,reg,4,ambient,NA,NA,NA,NA
2017,September,10,KF1,reg,5,no,NA,NA,NA,NA
2017,September,10,KF1,reg,6,no,NA,NA,NA,NA
2017,September,10,KF1,reg,7,ambient,NA,NA,NA,NA
2017,September,10,KF1,reg,8,ambient,NA,NA,NA,NA
2017,September,10,KF1,reg,9,no,NA,NA,NA,NA
2017,September,10,KF1,reg,10,no,NA,NA,NA,NA
2017,September,10,KF1,reg,51,high,NA,NA,NA,NA
2017,September,10,KF1,reg,52,high,NA,NA,NA,NA
2017,September,10,KF1,reg,53,high,NA,NA,NA,NA
2017,September,10,KF1,reg,54,high,NA,NA,NA,NA
2017,September,10,KF1,reg,55,high,NA,NA,NA,NA
2017,September,10,KF1,reg,A,cc,NA,NA,NA,NA
2017,September,10,KF1,reg,B,cc,NA,NA,NA,NA
2017,September,10,KF1,reg,K,cc,NA,NA,NA,NA
2017,September,10,KF1,reg,L,cc,NA,NA,NA,NA
2017,September,10,KF1,reg,M,cc,NA,NA,NA,NA
2017,September,10,KF1,reg,N,ncc,NA,NA,NA,NA
2017,September,10,KF1,reg,O,ncc,NA,NA,NA,NA
2017,September,10,KF1,reg,P,ncc,NA,NA,NA,NA
2017,September,10,KF1,reg,Q,ncc,NA,NA,NA,NA
2017,September,10,KF1,reg,R,ncc,NA,NA,NA,NA
2017,September,10,KF2,reg,11,ambient,NA,NA,NA,NA
2017,September,10,KF2,reg,12,no,NA,NA,NA,NA
2017,September,10,KF2,reg,13,no,NA,NA,NA,NA
2017,September,10,KF2,reg,14,no,NA,NA,NA,NA
2017,September,10,KF2,reg,15,ambient,NA,NA,NA,NA
2017,September,10,KF2,reg,16,no,NA,NA,NA,NA
2017,September,10,KF2,reg,17,ambient,NA,NA,NA,NA
2017,September,10,KF2,reg,18,no,NA,NA,NA,NA
2017,September,10,KF2,reg,19,ambient,NA,NA,NA,NA
2017,September,10,KF2,reg,20,ambient,NA,NA,NA,NA
2017,September,10,KF2,reg,56,high,NA,NA,NA,NA
2017,September,10,KF2,reg,57,high,NA,NA,NA,NA
2017,September,10,KF2,reg,58,high,NA,NA,NA,NA
2017,September,10,KF2,reg,59,high,NA,NA,NA,NA
2017,September,10,KF2,reg,60,high,NA,NA,NA,NA
2017,September,10,KF2,reg,C,cc,NA,NA,NA,NA
2017,September,10,KF2,reg,D,cc,NA,NA,NA,NA
2017,September,10,KF2,reg,S,cc,NA,NA,NA,NA
2017,September,10,KF2,reg,T,cc,NA,NA,NA,NA
2017,September,10,KF2,reg,U,cc,NA,NA,NA,NA
2017,September,10,KF2,reg,V,ncc,NA,NA,NA,NA
2017,September,10,KF2,reg,W,ncc,NA,NA,NA,NA
2017,September,10,KF2,reg,X,ncc,NA,NA,NA,NA
2017,September,10,KF2,reg,Y,ncc,NA,NA,NA,NA
2017,September,10,KF2,reg,Z,ncc,NA,NA,NA,NA
2017,September,6,SDL,hi,21,no,NA,NA,NA,NA
2017,September,6,SDL,hi,22,no,NA,NA,NA,NA
2017,September,6,SDL,hi,23,ambient,NA,NA,NA,NA
2017,September,6,SDL,hi,24,no,NA,NA,NA,NA
2017,September,6,SDL,hi,25,ambient,NA,NA,NA,NA
2017,September,6,SDL,hi,26,ambient,NA,NA,NA,NA
2017,September,6,SDL,hi,27,no,NA,NA,NA,NA
2017,September,6,SDL,hi,28,no,NA,NA,NA,NA
2017,September,6,SDL,hi,29,ambient,NA,NA,NA,NA
2017,September,6,SDL,hi,30,ambient,NA,NA,NA,NA
2017,September,6,SDL,mid,31,ambient,NA,NA,NA,NA
2017,September,6,SDL,mid,32,no,NA,NA,NA,NA
2017,September,6,SDL,mid,33,no,NA,NA,NA,NA
2017,September,6,SDL,mid,34,ambient,NA,NA,NA,NA
2017,September,6,SDL,mid,35,ambient,NA,NA,NA,NA
2017,September,6,SDL,mid,36,no,NA,NA,NA,NA
2017,September,6,SDL,mid,37,ambient,NA,NA,NA,NA
2017,September,6,SDL,mid,38,no,NA,NA,NA,NA
2017,September,6,SDL,mid,39,ambient,NA,NA,NA,NA
2017,September,6,SDL,mid,40,no,NA,NA,NA,NA
2017,September,6,SDL,lo,41,no,NA,NA,NA,NA
2017,September,6,SDL,lo,42,no,NA,NA,NA,NA
2017,September,6,SDL,lo,43,ambient,NA,NA,NA,NA
2017,September,6,SDL,lo,44,ambient,NA,NA,NA,NA
2017,September,6,SDL,lo,45,ambient,NA,NA,NA,NA
2017,September,6,SDL,lo,46,no,NA,NA,NA,NA
2017,September,6,SDL,lo,47,ambient,NA,NA,NA,NA
2017,September,6,SDL,lo,48,no,NA,NA,NA,NA
2017,September,6,SDL,lo,49,no,NA,NA,NA,NA
2017,September,6,SDL,lo,50,ambient,NA,NA,NA,NA
2017,September,6,SDL,mid,61,high,NA,NA,NA,NA
2017,September,6,SDL,mid,62,high,NA,NA,NA,NA
2017,September,6,SDL,mid,63,high,NA,NA,NA,NA
2017,September,6,SDL,mid,64,high,NA,NA,NA,NA
2017,September,6,SDL,mid,65,high,NA,NA,NA,NA
2017,September,6,SDL,hi,AA,cc,NA,NA,NA,NA
2017,September,6,SDL,hi,BB,cc,NA,NA,NA,NA
2017,September,6,SDL,hi,CC,cc,NA,NA,NA,NA
2017,September,6,SDL,hi,DD,ncc,NA,NA,NA,NA
2017,September,6,SDL,hi,E,cc,NA,NA,NA,NA
2017,September,6,SDL,hi,EE,ncc,NA,NA,NA,NA
2017,September,6,SDL,hi,F,cc,NA,NA,NA,NA
2017,September,6,SDL,hi,FF,ncc,NA,NA,NA,NA
2017,September,6,SDL,mid,G,cc,NA,NA,NA,NA
2017,September,6,SDL,hi,GG,ncc,NA,NA,NA,NA
2017,September,6,SDL,mid,H,cc,NA,NA,NA,NA
2017,September,6,SDL,hi,HH,ncc,NA,NA,NA,NA
2017,September,6,SDL,lo,I,cc,NA,NA,NA,NA
2017,September,6,SDL,mid,II,cc,NA,NA,NA,NA
2017,September,6,SDL,lo,J,cc,NA,NA,NA,NA
2017,September,6,SDL,mid,JJ,cc,NA,NA,NA,NA
2017,September,6,SDL,mid,KK,cc,NA,NA,NA,NA
2017,September,6,SDL,mid,LL,ncc,NA,NA,NA,NA
2017,September,6,SDL,mid,MM,ncc,NA,NA,NA,NA
2017,September,6,SDL,mid,NN,ncc,NA,NA,NA,NA
2017,September,6,SDL,mid,OO,ncc,NA,NA,NA,NA
2017,September,6,SDL,mid,PP,ncc,NA,NA,NA,NA
2017,September,6,SDL,lo,QQ,ncc,NA,NA,NA,NA
2017,September,6,SDL,lo,RR,cc,NA,NA,NA,NA
2017,September,6,SDL,lo,SS,cc,NA,NA,NA,NA
2017,September,6,SDL,lo,TT,cc,NA,NA,NA,NA
2017,September,6,SDL,lo,UU,ncc,NA,NA,NA,NA
2017,September,6,SDL,lo,VV,ncc,NA,NA,NA,NA
2017,September,6,SDL,lo,XX,ncc,NA,NA,NA,NA
2017,September,6,SDL,lo,YY,ncc,NA,NA,NA,NA
2017,September,1,BOL,reg,1,ncc,0.197,143.804,47,0.2725
2017,September,1,BOL,reg,2,no,0.68,44.211,46,0.26
2017,September,1,BOL,reg,3,high,NA,NA,47,0.261
2017,September,1,BOL,reg,4,ambient,4.603,34.525,47,0.2275
2017,September,1,BOL,reg,7,high,1.239,21.108,46,0.223
2017,September,1,BOL,reg,9,cc,-0.059,121.035,46,0.2285
2017,September,1,BOL,reg,10,ambient,0.367,79.06,46,0.2205
2017,September,1,BOL,reg,12,no,-0.002,33.411,45,0.146
2017,September,1,BOL,reg,16,no,-0.23,128.551,46,0.2095
2017,September,1,BOL,reg,17,ambient,1.002,33.189,47,0.1885
2017,September,1,BOL,reg,18,ncc,1.192,6.245,45,0.184
2017,September,1,BOL,reg,19,cc,4.423,11.478,45,0.167
2017,September,1,BOL,reg,20,high,2.803,19.16,45,0.159
2017,September,1,BOL,reg,24,ncc,0.244,52.395,46,0.2635
2018,April,,BOD,reg,26,no,0.405,102.553,44,0.25
2018,April,,BOD,reg,27,high,0.614,100.716,40,0.172
2018,April,,BOD,reg,28,ambient,NA,NA,NA,NA
2018,April,,BOD,reg,29,ncc,3.324,121.035,43,0.5315
2018,April,,BOD,reg,30,cc,0.301,57.572,41,0.117
2018,April,,BOD,reg,31,high,0.803,34.302,41,0.139
2018,April,,BOD,reg,32,no,0.614,99.547,43,0.242
2018,April,,BOD,reg,34,cc,1.485,181.047,39,0.3145
2018,April,,BOD,reg,36,high,0.035,123.819,45,0.285
2018,April,,BOD,reg,37,no,0.159,116.415,35,0.2975
2018,April,,BOD,reg,38,ncc,-0.239,128.662,40,0.289
2018,April,,BOD,reg,39,ambient,2.433,350.561,44,0.3125
2018,April,,BOD,reg,40,ncc,0.452,174.701,40,0.169
2018,April,,BOD,reg,41,cc,0.045,157.22,40,0.3635
2018,April,,BOD,reg,42,no,0.898,82.679,40,0.182
2018,April,,BOD,reg,43,high,-0.609,72.825,40,0.2955
2018,April,,BOD,reg,44,ambient,0.955,67.815,40,0.182
2018,April,,BOD,reg,45,cc,0.85,102.442,43,0.2325
2018,April,,BOD,reg,46,ambient,0.14,55.902,45,0.1805
2018,April,,BOD,reg,47,high,2.319,78.392,44,0.2635
2018,April,,BOL,reg,1,ncc,2.869,103.277,32,0.1835
2018,April,,BOL,reg,2,no,5.57,82.902,34,0.259
2018,April,,BOL,reg,3,high,3.419,77.001,27,0.258
2018,April,,BOL,reg,4,ambient,0.85,38.032,31,0.179
2018,April,,BOL,reg,5,cc,0.832,96.262,30,0.1885
2018,April,,BOL,reg,7,high,2.082,37.865,30,0.1715
2018,April,,BOL,reg,10,ambient,17.957,97.097,36,0.1745
2018,April,,BOL,reg,13,high,1.239,27.677,35,0.226
2018,April,,BOL,reg,14,no,1.656,75.887,36,0.2085
2018,April,,BOL,reg,15,cc,NA,NA,NA,NA
2018,April,,BOL,reg,16,no,0.708,50.613,34,0.2275
2018,April,,BOL,reg,17,ambient,NA,NA,NA,NA
2018,April,,BOL,reg,18,ncc,14.952,28.234,33,0.148
2018,April,,BOL,reg,19,cc,3.182,28.29,35,0.264
2018,April,,BOL,reg,20,high,2.376,34.859,27,0.165
2018,April,,BOL,reg,21,ambient,NA,NA,NA,NA
2018,April,,BOL,reg,22,ncc,1.334,98.879,31,0.298
2018,April,,BOL,reg,23,no,1.201,64.865,32,0.1945
2018,April,,BOL,reg,24,ncc,0.595,50.391,36,0.17
2018,April,,BOL,reg,25,cc,NA,NA,37,0.573
2018,April,15,KF1,reg,1,ambient,NA,NA,NA,NA
2018,April,15,KF1,reg,2,ambient,NA,NA,NA,NA
2018,April,15,KF1,reg,3,no,NA,NA,NA,NA
2018,April,15,KF1,reg,4,ambient,NA,NA,NA,NA
2018,April,15,KF1,reg,5,no,NA,NA,NA,NA
2018,April,15,KF1,reg,6,no,NA,NA,NA,NA
2018,April,15,KF1,reg,7,ambient,NA,NA,NA,NA
2018,April,15,KF1,reg,8,ambient,NA,NA,NA,NA
2018,April,15,KF1,reg,9,no,NA,NA,NA,NA
2018,April,15,KF1,reg,10,no,NA,NA,NA,NA
2018,April,15,KF1,reg,51,high,NA,NA,NA,NA
2018,April,15,KF1,reg,52,high,NA,NA,NA,NA
2018,April,15,KF1,reg,53,high,NA,NA,NA,NA
2018,April,15,KF1,reg,54,high,NA,NA,NA,NA
2018,April,15,KF1,reg,55,high,NA,NA,NA,NA
2018,April,15,KF1,reg,A,cc,NA,NA,NA,NA
2018,April,15,KF1,reg,B,cc,NA,NA,NA,NA
2018,April,15,KF1,reg,K,cc,NA,NA,NA,NA
2018,April,15,KF1,reg,L,cc,NA,NA,NA,NA
2018,April,15,KF1,reg,M,cc,NA,NA,NA,NA
2018,April,15,KF1,reg,N,ncc,NA,NA,NA,NA
2018,April,15,KF1,reg,O,ncc,NA,NA,NA,NA
2018,April,15,KF1,reg,P,ncc,NA,NA,NA,NA
2018,April,15,KF1,reg,Q,ncc,NA,NA,NA,NA
2018,April,15,KF1,reg,R,ncc,NA,NA,NA,NA
2018,April,15,KF2,reg,11,ambient,NA,NA,NA,NA
2018,April,15,KF2,reg,12,no,NA,NA,NA,NA
2018,April,15,KF2,reg,13,no,NA,NA,NA,NA
2018,April,15,KF2,reg,14,no,NA,NA,NA,NA
2018,April,15,KF2,reg,15,ambient,NA,NA,NA,NA
2018,April,15,KF2,reg,16,no,NA,NA,NA,NA
2018,April,15,KF2,reg,17,ambient,NA,NA,NA,NA
2018,April,15,KF2,reg,18,no,NA,NA,NA,NA
2018,April,15,KF2,reg,19,ambient,NA,NA,NA,NA
2018,April,15,KF2,reg,20,ambient,NA,NA,NA,NA
2018,April,15,KF2,reg,56,high,NA,NA,NA,NA
2018,April,15,KF2,reg,57,high,NA,NA,NA,NA
2018,April,15,KF2,reg,58,high,NA,NA,NA,NA
2018,April,15,KF2,reg,59,high,NA,NA,NA,NA
2018,April,15,KF2,reg,60,high,NA,NA,NA,NA
2018,April,15,KF2,reg,C,cc,NA,NA,NA,NA
2018,April,15,KF2,reg,D,cc,NA,NA,NA,NA
2018,April,15,KF2,reg,S,cc,NA,NA,NA,NA
2018,April,15,KF2,reg,T,cc,NA,NA,NA,NA
2018,April,15,KF2,reg,U,cc,NA,NA,NA,NA
2018,April,15,KF2,reg,V,ncc,NA,NA,NA,NA
2018,April,15,KF2,reg,W,ncc,NA,NA,NA,NA
2018,April,15,KF2,reg,X,ncc,NA,NA,NA,NA
2018,April,15,KF2,reg,Y,ncc,NA,NA,NA,NA
2018,April,15,KF2,reg,Z,ncc,NA,NA,NA,NA
2018,April,18,SDL,mid,31,ambient,NA,NA,NA,NA
2018,April,18,SDL,mid,32,no,NA,NA,NA,NA
2018,April,18,SDL,mid,33,no,NA,NA,NA,NA
2018,April,18,SDL,mid,34,ambient,NA,NA,NA,NA
2018,April,18,SDL,mid,35,ambient,NA,NA,NA,NA
2018,April,18,SDL,mid,36,no,NA,NA,NA,NA
2018,April,18,SDL,mid,37,ambient,NA,NA,NA,NA
2018,April,18,SDL,mid,38,no,NA,NA,NA,NA
2018,April,18,SDL,mid,39,ambient,NA,NA,NA,NA
2018,April,18,SDL,mid,40,no,NA,NA,NA,NA
2018,April,18,SDL,mid,61,high,NA,NA,NA,NA
2018,April,18,SDL,mid,62,high,NA,NA,NA,NA
2018,April,18,SDL,mid,63,high,NA,NA,NA,NA
2018,April,18,SDL,mid,64,high,NA,NA,NA,NA
2018,April,18,SDL,mid,65,high,NA,NA,NA,NA
2018,April,18,SDL,mid,G,cc,NA,NA,NA,NA
2018,April,18,SDL,mid,H,cc,NA,NA,NA,NA
2018,April,18,SDL,mid,II,cc,NA,NA,NA,NA
2018,April,18,SDL,mid,JJ,cc,NA,NA,NA,NA
2018,April,18,SDL,mid,KK,cc,NA,NA,NA,NA
2018,April,18,SDL,mid,LL,ncc,NA,NA,NA,NA
2018,April,18,SDL,mid,MM,ncc,NA,NA,NA,NA
2018,April,18,SDL,mid,NN,ncc,NA,NA,NA,NA
2018,April,18,SDL,mid,OO,ncc,NA,NA,NA,NA
2018,April,18,SDL,mid,PP,ncc,NA,NA,NA,NA
2018,May,14,KF1,reg,1,ambient,4.286,79.68,54,0.1105
2018,May,14,KF1,reg,2,ambient,2.865,111.867,53,0.145
2018,May,14,KF1,reg,3,no,3.495,6.934,56,0.1165
2018,May,14,KF1,reg,4,ambient,NA,NA,NA,NA
2018,May,14,KF1,reg,5,no,NA,NA,NA,NA
2018,May,14,KF1,reg,6,no,2.672,-9.7,56,0.0925
2018,May,14,KF1,reg,7,ambient,3.366,28.05,57,0.1275
2018,May,14,KF1,reg,8,ambient,4.286,43.658,52,0.114
2018,May,14,KF1,reg,9,no,7.643,-2.679,53,0.1005
2018,May,14,KF1,reg,10,no,6.271,70.499,54,0.112
2018,May,14,KF1,reg,51,high,3.689,36.853,55,0.126
2018,May,14,KF1,reg,52,high,3.495,18.437,53,0.128
2018,May,14,KF1,reg,53,high,3.527,20.76,59,0.1475
2018,May,14,KF1,reg,54,high,NA,NA,NA,NA
2018,May,14,KF1,reg,55,high,3.463,39.446,56,0.225
2018,May,14,KF1,reg,A,cc,NA,NA,NA,NA
2018,May,14,KF1,reg,B,cc,NA,NA,NA,NA
2018,May,14,KF1,reg,K,cc,3.237,-3.327,53,0.1085
2018,May,14,KF1,reg,L,cc,3.446,13.253,55,0.1145
2018,May,14,KF1,reg,M,cc,3.769,5.854,57,0.166
2018,May,14,KF1,reg,N,ncc,5.512,1.858,55,0.1495
2018,May,14,KF1,reg,O,ncc,4.011,54.027,50,0.1
2018,May,14,KF1,reg,P,ncc,3.075,44.576,59,0.2045
2018,May,14,KF1,reg,Q,ncc,NA,NA,NA,NA
2018,May,14,KF1,reg,R,ncc,4.366,-0.357,53,0.1195
2018,May,14,KF2,reg,11,ambient,4.286,135.738,53,0.1895
2018,May,14,KF2,reg,12,no,6.093,23.406,60,0.1785
2018,May,14,KF2,reg,13,no,9.886,35.989,55,0.208
2018,May,14,KF2,reg,14,no,7.626,88.267,51,0.154
2018,May,14,KF2,reg,15,ambient,4.076,15.143,52,0.204
2018,May,14,KF2,reg,16,no,6.19,41.876,55,0.2075
2018,May,14,KF2,reg,17,ambient,NA,NA,NA,NA
2018,May,14,KF2,reg,18,no,NA,NA,NA,NA
2018,May,14,KF2,reg,19,ambient,NA,NA,NA,NA
2018,May,14,KF2,reg,20,ambient,5.754,-1.113,55,0.1635
2018,May,14,KF2,reg,56,high,8.369,63.802,53,0.2995
2018,May,14,KF2,reg,57,high,8.675,37.339,55,0.1775
2018,May,14,KF2,reg,58,high,4.738,107.385,53,0.235
2018,May,14,KF2,reg,59,high,NA,NA,NA,NA
2018,May,14,KF2,reg,60,high,8.224,29.13,55,0.159
2018,May,14,KF2,reg,C,cc,4.705,5.962,53,0.159
2018,May,14,KF2,reg,D,cc,4.415,4.504,56,0.157
2018,May,14,KF2,reg,S,cc,4.383,22.11,51,0.197
2018,May,14,KF2,reg,T,cc,NA,NA,NA,NA
2018,May,14,KF2,reg,U,cc,4.124,2.236,55,0.154
2018,May,14,KF2,reg,V,ncc,5.319,49.113,55,0.2215
2018,May,14,KF2,reg,W,ncc,4.705,52.839,51,0.191
2018,May,14,KF2,reg,X,ncc,4.705,53.325,52,0.217
2018,May,14,KF2,reg,Y,ncc,NA,NA,NA,NA
2018,May,14,KF2,reg,Z,ncc,9.821,34.207,51,0.2525
2018,May,4,SDL,mid,31,ambient,-0.467,25.284,45,0.0925
2018,May,4,SDL,mid,32,no,7.158,8.23,47,0.194
2018,May,4,SDL,mid,33,no,5.076,0.399,50,0.171
2018,May,4,SDL,mid,34,ambient,NA,NA,45,NA
2018,May,4,SDL,mid,35,ambient,9.515,7.096,44,0.167
2018,May,4,SDL,mid,36,no,NA,NA,NA,NA
2018,May,4,SDL,mid,37,ambient,NA,NA,NA,NA
2018,May,4,SDL,mid,38,no,15.26,5.314,42,0.204
2018,May,4,SDL,mid,39,ambient,6.819,1.102,45,0.168
2018,May,4,SDL,mid,40,no,NA,NA,NA,NA
2018,May,4,SDL,mid,61,high,NA,NA,NA,NA
2018,May,4,SDL,mid,62,high,9.079,-5.919,41,0.107
2018,May,4,SDL,mid,63,high,NA,NA,NA,NA
2018,May,4,SDL,mid,64,high,6.674,-5.001,52,0.179
2018,May,4,SDL,mid,65,high,8.546,12.875,35,0.1925
2018,May,4,SDL,mid,G,cc,9.079,10.553,42,0.1695
2018,May,4,SDL,mid,H,cc,4.947,5.368,36,0.2005
2018,May,4,SDL,mid,II,cc,8.224,3.37,47,0.1945
2018,May,4,SDL,mid,JJ,cc,6.206,8.824,37,0.177
2018,May,4,SDL,mid,KK,cc,NA,NA,NA,NA
2018,May,4,SDL,mid,LL,ncc,3.108,-6.459,57,0.1815
2018,May,4,SDL,mid,MM,ncc,4.14,12.821,46,0.1795
2018,May,4,SDL,mid,NN,ncc,3.559,0.291,45,0.1675
2018,May,4,SDL,mid,OO,ncc,NA,NA,NA,NA
2018,May,4,SDL,mid,PP,ncc,7.836,10.066,37,0.1725
2018,June,14,TOM,reg,51,ambient,-0.306,25.785,45,0.1795
2018,June,14,TOM,reg,52,ncc,NA,NA,NA,NA
2018,June,14,TOM,reg,53,cc,1.201,47.774,45,0.231
2018,June,14,TOM,reg,54,high,-0.401,9.863,45,0.1325
2018,June,14,TOM,reg,55,no,0.557,41.706,45,0.222
2018,June,14,TOM,reg,61,high,1.978,6.746,45,0.136
2018,June,14,TOM,reg,62,ncc,NA,NA,NA,NA
2018,June,14,TOM,reg,63,no,1.94,11.756,47,0.149
2018,June,14,TOM,reg,64,ambient,0.339,21.053,46,0.182
2018,June,14,TOM,reg,65,cc,2.215,89.192,45,0.267
2018,June,14,TOM,reg,66,no,0.092,9.585,45,0.177
2018,June,14,TOM,reg,67,ambient,1.182,0.065,45,0.151
2018,June,14,TOM,reg,68,cc,0.149,21.108,46,0.247
2018,June,14,TOM,reg,69,ncc,0.462,16.488,46,0.161
2018,June,14,TOM,reg,70,high,3.713,6.022,46,0.1415
2018,June,14,TOM,reg,71,ambient,1.097,6.523,47,0.177
2018,June,14,TOM,reg,72,ncc,0.86,11.032,45,0.1955
2018,June,14,TOM,reg,73,cc,NA,NA,NA,NA
2018,June,14,TOM,reg,74,high,0.405,27.232,45,0.234
2018,June,14,TOM,reg,75,no,0.016,-0.38,44,0.121
2018,July,13,KF1,reg,1,ambient,4.108,65.098,51,0.2485
2018,July,13,KF1,reg,2,ambient,5.464,77.52,51,0.1485
2018,July,13,KF1,reg,3,no,7.965,50.949,47,0.107
2018,July,13,KF1,reg,4,ambient,NA,NA,NA,NA
2018,July,13,KF1,reg,5,no,NA,NA,NA,NA
2018,July,13,KF1,reg,6,no,5.674,0.237,50,0.102
2018,July,13,KF1,reg,7,ambient,4.915,20.112,45,0.0875
2018,July,13,KF1,reg,8,ambient,4.576,23.298,48,0.105
2018,July,13,KF1,reg,9,no,3.124,42.578,51,0.098
2018,July,13,KF1,reg,10,no,6.464,31.453,51,0.1225
2018,July,13,KF1,reg,51,high,3.995,43.01,55,0.097
2018,July,13,KF1,reg,52,high,3.075,79.356,48,0.167
2018,July,13,KF1,reg,53,high,3.995,92.209,53,0.112
2018,July,13,KF1,reg,54,high,NA,NA,NA,NA
2018,July,13,KF1,reg,55,high,2.962,44.684,49,0.155
2018,July,13,KF1,reg,A,cc,NA,NA,NA,NA
2018,July,13,KF1,reg,B,cc,4.867,27.186,52,0.2835
2018,July,13,KF1,reg,K,cc,3.463,48.627,51,0.1415
2018,July,13,KF1,reg,L,cc,5.916,62.992,50,0.146
2018,July,13,KF1,reg,M,cc,6.787,30.211,55,0.132
2018,July,13,KF1,reg,N,ncc,4.286,43.928,50,0.1395
2018,July,13,KF1,reg,O,ncc,5.69,58.672,50,0.162
2018,July,13,KF1,reg,P,ncc,3.285,44.522,59,0.168
2018,July,13,KF1,reg,Q,ncc,NA,NA,NA,NA
2018,July,13,KF1,reg,R,ncc,3.188,54.027,51,0.1205
2018,July,13,KF2,reg,11,ambient,3.85,39.284,50,0.1295
2018,July,13,KF2,reg,12,no,2.623,37.177,49,0.117
2018,July,13,KF2,reg,13,no,NA,NA,45,0.1275
2018,July,13,KF2,reg,14,no,5.657,91.399,50,0.142
2018,July,13,KF2,reg,15,ambient,2.93,55.647,51,0.1515
2018,July,13,KF2,reg,16,no,2.817,166.467,50,0.1115
2018,July,13,KF2,reg,17,ambient,NA,NA,NA,NA
2018,July,13,KF2,reg,18,no,NA,NA,50,NA
2018,July,13,KF2,reg,19,ambient,10.435,76.493,56,0.3015
2018,July,13,KF2,reg,20,ambient,NA,NA,NA,NA
2018,July,13,KF2,reg,56,high,3.237,86.538,51,0.2465
2018,July,13,KF2,reg,57,high,4.14,43.982,51,0.101
2018,July,13,KF2,reg,58,high,2.623,142.272,51,0.1525
2018,July,13,KF2,reg,59,high,NA,NA,NA,NA
2018,July,13,KF2,reg,60,high,5.851,49.275,58,0.147
2018,July,13,KF2,reg,C,cc,3.398,24.216,55,0.18
2018,July,13,KF2,reg,D,cc,4.27,52.191,52,0.174
2018,July,13,KF2,reg,S,cc,3.834,45.656,45,0.0865
2018,July,13,KF2,reg,T,cc,NA,NA,NA,NA
2018,July,13,KF2,reg,U,cc,3.495,113.001,52,0.1785
2018,July,13,KF2,reg,V,ncc,3.737,194.658,48,0.1195
2018,July,13,KF2,reg,W,ncc,3.317,78.33,35,0.1205
2018,July,13,KF2,reg,X,ncc,4.996,68.825,46,0.223
2018,July,13,KF2,reg,Y,ncc,NA,NA,NA,NA
2018,July,13,KF2,reg,Z,ncc,6.674,38.743,56,0.1645
2018,July,12,SDL,mid,31,ambient,4.189,-10.024,37,0.153
2018,July,12,SDL,mid,32,no,5.512,-9.592,32,0.143
2018,July,12,SDL,mid,33,no,3.818,-11.266,53,0.1185
2018,July,12,SDL,mid,34,ambient,2.769,2.398,44,0.14
2018,July,12,SDL,mid,35,ambient,5.593,-6.351,40,0.151
2018,July,12,SDL,mid,36,no,NA,NA,NA,NA
2018,July,12,SDL,mid,37,ambient,NA,NA,NA,NA
2018,July,12,SDL,mid,38,no,4.253,-6.243,51,0.161
2018,July,12,SDL,mid,39,ambient,3.011,-1.761,41,0.16
2018,July,12,SDL,mid,40,no,NA,NA,NA,NA
2018,July,12,SDL,mid,61,high,NA,NA,NA,NA
2018,July,12,SDL,mid,62,high,3.221,-3.759,45,0.125
2018,July,12,SDL,mid,63,high,NA,NA,NA,NA
2018,July,12,SDL,mid,64,high,3.14,-8.62,54,0.154
2018,July,12,SDL,mid,65,high,4.076,-0.033,30,0.0925
2018,July,12,SDL,mid,G,cc,4.221,-4.461,47,0.1575
2018,July,12,SDL,mid,H,cc,2.656,-4.353,40,0.14
2018,July,12,SDL,mid,II,cc,6.4,-7.647,55,0.173
2018,July,12,SDL,mid,JJ,cc,4.027,1.048,46,0.147
2018,July,12,SDL,mid,KK,cc,NA,NA,NA,NA
2018,July,12,SDL,mid,LL,ncc,3.85,-2.895,71,0.22
2018,July,12,SDL,mid,MM,ncc,3.753,-5.649,47,0.1125
2018,July,12,SDL,mid,NN,ncc,2.801,40.688,42,0.21
2018,July,12,SDL,mid,OO,ncc,NA,NA,NA,NA
2018,July,12,SDL,mid,PP,ncc,NA,NA,49,NA
2018,August,25,KF1,reg,1,ambient,NA,NA,NA,NA
2018,August,25,KF1,reg,2,ambient,NA,NA,NA,NA
2018,August,25,KF1,reg,3,no,NA,NA,NA,NA
2018,August,25,KF1,reg,4,ambient,NA,NA,NA,NA
2018,August,25,KF1,reg,5,no,NA,NA,NA,NA
2018,August,25,KF1,reg,6,no,NA,NA,NA,NA
2018,August,25,KF1,reg,7,ambient,NA,NA,NA,NA
2018,August,25,KF1,reg,8,ambient,NA,NA,NA,NA
2018,August,25,KF1,reg,9,no,NA,NA,NA,NA
2018,August,25,KF1,reg,10,no,NA,NA,NA,NA
2018,August,25,KF1,reg,51,high,NA,NA,NA,NA
2018,August,25,KF1,reg,52,high,NA,NA,NA,NA
2018,August,25,KF1,reg,53,high,NA,NA,NA,NA
2018,August,25,KF1,reg,54,high,NA,NA,NA,NA
2018,August,25,KF1,reg,55,high,NA,NA,NA,NA
2018,August,25,KF1,reg,A,cc,NA,NA,NA,NA
2018,August,25,KF1,reg,B,cc,NA,NA,NA,NA
2018,August,25,KF1,reg,K,cc,NA,NA,NA,NA
2018,August,25,KF1,reg,L,cc,NA,NA,NA,NA
2018,August,25,KF1,reg,M,cc,NA,NA,NA,NA
2018,August,25,KF1,reg,N,ncc,NA,NA,NA,NA
2018,August,25,KF1,reg,O,ncc,NA,NA,NA,NA
2018,August,25,KF1,reg,P,ncc,NA,NA,NA,NA
2018,August,25,KF1,reg,Q,ncc,NA,NA,NA,NA
2018,August,25,KF1,reg,R,ncc,NA,NA,NA,NA
2018,August,25,KF2,reg,11,ambient,NA,NA,NA,NA
2018,August,25,KF2,reg,12,no,NA,NA,NA,NA
2018,August,25,KF2,reg,13,no,NA,NA,NA,NA
2018,August,25,KF2,reg,14,no,NA,NA,NA,NA
2018,August,25,KF2,reg,15,ambient,NA,NA,NA,NA
2018,August,25,KF2,reg,16,no,NA,NA,NA,NA
2018,August,25,KF2,reg,17,ambient,NA,NA,NA,NA
2018,August,25,KF2,reg,18,no,NA,NA,NA,NA
2018,August,25,KF2,reg,19,ambient,NA,NA,NA,NA
2018,August,25,KF2,reg,20,ambient,NA,NA,NA,NA
2018,August,25,KF2,reg,56,high,NA,NA,NA,NA
2018,August,25,KF2,reg,57,high,NA,NA,NA,NA
2018,August,25,KF2,reg,58,high,NA,NA,NA,NA
2018,August,25,KF2,reg,59,high,NA,NA,NA,NA
2018,August,25,KF2,reg,60,high,NA,NA,NA,NA
2018,August,25,KF2,reg,C,cc,NA,NA,NA,NA
2018,August,25,KF2,reg,D,cc,NA,NA,NA,NA
2018,August,25,KF2,reg,S,cc,NA,NA,NA,NA
2018,August,25,KF2,reg,T,cc,NA,NA,NA,NA
2018,August,25,KF2,reg,U,cc,NA,NA,NA,NA
2018,August,25,KF2,reg,V,ncc,NA,NA,NA,NA
2018,August,25,KF2,reg,W,ncc,NA,NA,NA,NA
2018,August,25,KF2,reg,X,ncc,NA,NA,NA,NA
2018,August,25,KF2,reg,Y,ncc,NA,NA,NA,NA
2018,August,25,KF2,reg,Z,ncc,NA,NA,NA,NA
2018,August,7,SDL,mid,31,ambient,NA,NA,NA,NA
2018,August,7,SDL,mid,32,no,NA,NA,NA,NA
2018,August,7,SDL,mid,33,no,NA,NA,NA,NA
2018,August,7,SDL,mid,34,ambient,NA,NA,NA,NA
2018,August,7,SDL,mid,35,ambient,NA,NA,NA,NA
2018,August,7,SDL,mid,36,no,NA,NA,NA,NA
2018,August,7,SDL,mid,37,ambient,NA,NA,NA,NA
2018,August,7,SDL,mid,38,no,NA,NA,NA,NA
2018,August,7,SDL,mid,39,ambient,NA,NA,NA,NA
2018,August,7,SDL,mid,40,no,NA,NA,NA,NA
2018,August,7,SDL,mid,61,high,NA,NA,NA,NA
2018,August,7,SDL,mid,62,high,NA,NA,NA,NA
2018,August,7,SDL,mid,63,high,NA,NA,NA,NA
2018,August,7,SDL,mid,64,high,NA,NA,NA,NA
2018,August,7,SDL,mid,65,high,NA,NA,NA,NA
2018,August,7,SDL,mid,G,cc,NA,NA,NA,NA
2018,August,7,SDL,mid,H,cc,NA,NA,NA,NA
2018,August,7,SDL,mid,II,cc,NA,NA,NA,NA
2018,August,7,SDL,mid,JJ,cc,NA,NA,NA,NA
2018,August,7,SDL,mid,KK,cc,NA,NA,NA,NA
2018,August,7,SDL,mid,LL,ncc,NA,NA,NA,NA
2018,August,7,SDL,mid,MM,ncc,NA,NA,NA,NA
2018,August,7,SDL,mid,NN,ncc,NA,NA,NA,NA
2018,August,7,SDL,mid,OO,ncc,NA,NA,NA,NA
2018,August,7,SDL,mid,PP,ncc,NA,NA,NA,NA
2018,September,4,KF1,reg,1,ambient,NA,NA,NA,NA
2018,September,4,KF1,reg,2,ambient,NA,NA,NA,NA
2018,September,4,KF1,reg,3,no,NA,NA,NA,NA
2018,September,4,KF1,reg,4,ambient,NA,NA,NA,NA
2018,September,4,KF1,reg,5,no,NA,NA,NA,NA
2018,September,4,KF1,reg,6,no,NA,NA,NA,NA
2018,September,4,KF1,reg,7,ambient,NA,NA,NA,NA
2018,September,4,KF1,reg,8,ambient,NA,NA,NA,NA
2018,September,4,KF1,reg,9,no,NA,NA,NA,NA
2018,September,4,KF1,reg,10,no,NA,NA,NA,NA
2018,September,4,KF1,reg,51,high,NA,NA,NA,NA
2018,September,4,KF1,reg,52,high,NA,NA,NA,NA
2018,September,4,KF1,reg,53,high,NA,NA,NA,NA
2018,September,4,KF1,reg,54,high,NA,NA,NA,NA
2018,September,4,KF1,reg,55,high,NA,NA,NA,NA
2018,September,4,KF1,reg,A,cc,NA,NA,NA,NA
2018,September,4,KF1,reg,B,cc,NA,NA,NA,NA
2018,September,4,KF1,reg,K,cc,NA,NA,NA,NA
2018,September,4,KF1,reg,L,cc,NA,NA,NA,NA
2018,September,4,KF1,reg,M,cc,NA,NA,NA,NA
2018,September,4,KF1,reg,N,ncc,NA,NA,NA,NA
2018,September,4,KF1,reg,O,ncc,NA,NA,NA,NA
2018,September,4,KF1,reg,P,ncc,NA,NA,NA,NA
2018,September,4,KF1,reg,Q,ncc,NA,NA,NA,NA
2018,September,4,KF1,reg,R,ncc,NA,NA,NA,NA
2018,September,4,KF2,reg,11,ambient,NA,NA,NA,NA
2018,September,4,KF2,reg,12,no,NA,NA,NA,NA
2018,September,4,KF2,reg,13,no,NA,NA,NA,NA
2018,September,4,KF2,reg,14,no,NA,NA,NA,NA
2018,September,4,KF2,reg,15,ambient,NA,NA,NA,NA
2018,September,4,KF2,reg,16,no,NA,NA,NA,NA
2018,September,4,KF2,reg,17,ambient,NA,NA,NA,NA
2018,September,4,KF2,reg,18,no,NA,NA,NA,NA
2018,September,4,KF2,reg,19,ambient,NA,NA,NA,NA
2018,September,4,KF2,reg,20,ambient,NA,NA,NA,NA
2018,September,4,KF2,reg,56,high,NA,NA,NA,NA
2018,September,4,KF2,reg,57,high,NA,NA,NA,NA
2018,September,4,KF2,reg,58,high,NA,NA,NA,NA
2018,September,4,KF2,reg,59,high,NA,NA,NA,NA
2018,September,4,KF2,reg,60,high,NA,NA,NA,NA
2018,September,4,KF2,reg,C,cc,NA,NA,NA,NA
2018,September,4,KF2,reg,D,cc,NA,NA,NA,NA
2018,September,4,KF2,reg,S,cc,NA,NA,NA,NA
2018,September,4,KF2,reg,T,cc,NA,NA,NA,NA
2018,September,4,KF2,reg,U,cc,NA,NA,NA,NA
2018,September,4,KF2,reg,V,ncc,NA,NA,NA,NA
2018,September,4,KF2,reg,W,ncc,NA,NA,NA,NA
2018,September,4,KF2,reg,X,ncc,NA,NA,NA,NA
2018,September,4,KF2,reg,Y,ncc,NA,NA,NA,NA
2018,September,4,KF2,reg,Z,ncc,NA,NA,NA,NA
2018,September,4,SDL,mid,31,ambient,NA,NA,NA,NA
2018,September,4,SDL,mid,32,no,NA,NA,NA,NA
2018,September,4,SDL,mid,33,no,NA,NA,NA,NA
2018,September,4,SDL,mid,34,ambient,NA,NA,NA,NA
2018,September,4,SDL,mid,35,ambient,NA,NA,NA,NA
2018,September,4,SDL,mid,36,no,NA,NA,NA,NA
2018,September,4,SDL,mid,37,ambient,NA,NA,NA,NA
2018,September,4,SDL,mid,38,no,NA,NA,NA,NA
2018,September,4,SDL,mid,39,ambient,NA,NA,NA,NA
2018,September,4,SDL,mid,40,no,NA,NA,NA,NA
2018,September,4,SDL,mid,61,high,NA,NA,NA,NA
2018,September,4,SDL,mid,62,high,NA,NA,NA,NA
2018,September,4,SDL,mid,63,high,NA,NA,NA,NA
2018,September,4,SDL,mid,64,high,NA,NA,NA,NA
2018,September,4,SDL,mid,65,high,NA,NA,NA,NA
2018,September,4,SDL,mid,G,cc,NA,NA,NA,NA
2018,September,4,SDL,mid,H,cc,NA,NA,NA,NA
2018,September,4,SDL,mid,II,cc,NA,NA,NA,NA
2018,September,4,SDL,mid,JJ,cc,NA,NA,NA,NA
2018,September,4,SDL,mid,KK,cc,NA,NA,NA,NA
2018,September,4,SDL,mid,LL,ncc,NA,NA,NA,NA
2018,September,4,SDL,mid,MM,ncc,NA,NA,NA,NA
2018,September,4,SDL,mid,NN,ncc,NA,NA,NA,NA
2018,September,4,SDL,mid,OO,ncc,NA,NA,NA,NA
2018,September,4,SDL,mid,PP,ncc,NA,NA,NA,NA
2018,October,,BOD,reg,26,no,3.248,24.115,48,0.4015
2018,October,,BOD,reg,27,high,0.471,174.534,45,0.271
2018,October,,BOD,reg,28,ambient,NA,NA,NA,NA
2018,October,,BOD,reg,29,ncc,1.59,438.908,44,0.339
2018,October,,BOD,reg,30,cc,2.092,283.869,42,0.241
2018,October,,BOD,reg,31,high,NA,NA,NA,NA
2018,October,,BOD,reg,32,no,NA,NA,NA,NA
2018,October,,BOD,reg,34,cc,0.178,296.45,49,0.294
2018,October,,BOD,reg,36,high,3.968,240.112,47,0.289
2018,October,,BOD,reg,37,no,NA,NA,NA,NA
2018,October,,BOD,reg,38,ncc,1.628,262.38,47,0.2935
2018,October,,BOD,reg,39,ambient,NA,NA,NA,NA
2018,October,,BOD,reg,40,ncc,0.642,384.241,48,0.305
2018,October,,BOD,reg,41,cc,NA,NA,NA,NA
2018,October,,BOD,reg,42,no,1.789,319.72,43,0.371
2018,October,,BOD,reg,43,high,NA,NA,NA,NA
2018,October,,BOD,reg,44,ambient,1.002,7.525,45,0.184
2018,October,,BOD,reg,45,cc,NA,NA,NA,NA
2018,October,,BOD,reg,46,ambient,NA,NA,NA,NA
2018,October,,BOD,reg,47,high,NA,NA,NA,NA
2018,October,,BOL,reg,1,ncc,0.746,89.471,45,0.1495
2018,October,,BOL,reg,2,no,1.002,111.349,42,0.1595
2018,October,,BOL,reg,3,high,0.187,53.842,50,0.123
2018,October,,BOL,reg,4,ambient,2.064,28.011,44,0.122
2018,October,,BOL,reg,5,cc,0.31,89.638,47,0.146
2018,October,,BOL,reg,7,high,0.348,89.638,40,0.1325
2018,October,,BOL,reg,10,ambient,2.765,122.984,43,0.1245
2018,October,,BOL,reg,12,no,1.135,121.536,50,0.12
2018,October,,BOL,reg,13,high,1.362,48.999,46,0.13
2018,October,,BOL,reg,15,cc,2.215,58.184,41,0.151
2018,October,,BOL,reg,16,no,-0.353,33.69,45,0.15
2018,October,,BOL,reg,17,ambient,0.443,29.904,45,0.114
2018,October,,BOL,reg,18,ncc,0.509,47.83,45,0.1435
2018,October,,BOL,reg,19,cc,1.552,51.504,45,0.139
2018,October,,BOL,reg,20,high,6.641,36.529,47,0.0825
2018,October,,BOL,reg,21,ambient,1.552,91.196,45,0.1315
2018,October,,BOL,reg,22,ncc,1.732,21.721,44,0.187
2018,October,,BOL,reg,23,no,1.211,55.401,48,0.247
2018,October,,BOL,reg,24,ncc,3.504,94.202,45,0.1705
2018,October,,BOL,reg,25,cc,1.097,141.355,46,0.174
2018,October,10,KF1,reg,1,ambient,1.286,71.545,47,0.144
2018,October,10,KF1,reg,2,ambient,-0.401,51.17,45,0.1395
2018,October,10,KF1,reg,3,no,0.869,37.141,44,0.0815
2018,October,10,KF1,reg,4,ambient,NA,NA,NA,NA
2018,October,10,KF1,reg,5,no,NA,NA,46,0.077
2018,October,10,KF1,reg,6,no,3.76,9.418,43,0.1305
2018,October,10,KF1,reg,7,ambient,0.708,50.112,43,0.0825
2018,October,10,KF1,reg,8,ambient,NA,NA,NA,NA
2018,October,10,KF1,reg,9,no,-0.382,31.519,43,0.113
2018,October,10,KF1,reg,10,no,NA,NA,NA,NA
2018,October,10,KF1,reg,51,high,0.604,73.382,46,0.188
2018,October,10,KF1,reg,52,high,0.424,267.502,48,0.226
2018,October,10,KF1,reg,53,high,-0.249,66.813,42,0.1585
2018,October,10,KF1,reg,54,high,NA,NA,NA,NA
2018,October,10,KF1,reg,55,high,1.087,44.323,49,0.112
2018,October,10,KF1,reg,A,cc,NA,NA,NA,NA
2018,October,10,KF1,reg,B,cc,NA,NA,50,NA
2018,October,10,KF1,reg,K,cc,0.898,55.958,45,0.09
2018,October,10,KF1,reg,L,cc,6.309,64.865,45,0.173
2018,October,10,KF1,reg,M,cc,1.021,35.638,41,0.12
2018,October,10,KF1,reg,N,ncc,-0.069,50.558,45,0.138
2018,October,10,KF1,reg,O,ncc,0.955,50.725,41,0.0975
2018,October,10,KF1,reg,P,ncc,-0.173,64.085,42,0.1785
2018,October,10,KF1,reg,Q,ncc,NA,NA,NA,NA
2018,October,10,KF1,reg,R,ncc,1.334,49.11,44,0.1735
2018,October,10,KF2,reg,11,ambient,1.211,91.308,44,0.0915
2018,October,10,KF2,reg,12,no,NA,NA,NA,NA
2018,October,10,KF2,reg,13,no,0.206,74.106,49,0.1215
2018,October,10,KF2,reg,14,no,3.125,160.895,48,0.078
2018,October,10,KF2,reg,15,ambient,0.045,114.411,47,0.096
2018,October,10,KF2,reg,16,no,0.405,284.314,50,0.143
2018,October,10,KF2,reg,17,ambient,NA,NA,NA,NA
2018,October,10,KF2,reg,18,no,NA,NA,NA,NA
2018,October,10,KF2,reg,19,ambient,NA,NA,NA,NA
2018,October,10,KF2,reg,20,ambient,2.196,75.887,46,0.2395
2018,October,10,KF2,reg,56,high,-0.448,112.351,46,0.09
2018,October,10,KF2,reg,57,high,-0.135,103.388,47,0.083
2018,October,10,KF2,reg,58,high,0.329,295.838,44,0.2595
2018,October,10,KF2,reg,59,high,NA,NA,NA,NA
2018,October,10,KF2,reg,60,high,NA,NA,54,NA
2018,October,10,KF2,reg,C,cc,-0.154,30.016,58,0.2795
2018,October,10,KF2,reg,D,cc,NA,NA,NA,NA
2018,October,10,KF2,reg,S,cc,NA,NA,NA,NA
2018,October,10,KF2,reg,T,cc,NA,NA,NA,NA
2018,October,10,KF2,reg,U,cc,2.376,220.684,47,0.14
2018,October,10,KF2,reg,V,ncc,-0.562,134.841,45,0.119
2018,October,10,KF2,reg,W,ncc,0.443,162.954,43,0.11
2018,October,10,KF2,reg,X,ncc,0.433,59.409,46,0.152
2018,October,10,KF2,reg,Y,ncc,NA,NA,NA,NA
2018,October,10,KF2,reg,Z,ncc,-0.6,73.66,47,0.167
2018,October,9,SDL,mid,31,ambient,-0.296,-4.277,41,0.1555
2018,October,9,SDL,mid,32,no,0.339,-3.832,40,0.1525
2018,October,9,SDL,mid,33,no,0.689,-2.161,46,0.2015
2018,October,9,SDL,mid,34,ambient,2.954,-1.772,43,0.1605
2018,October,9,SDL,mid,35,ambient,1.751,11.366,37,0.141
2018,October,9,SDL,mid,36,no,NA,NA,NA,NA
2018,October,9,SDL,mid,37,ambient,NA,NA,NA,NA
2018,October,9,SDL,mid,38,no,2.537,6.467,35,0.141
2018,October,9,SDL,mid,39,ambient,0.377,8.304,39,0.1345
2018,October,9,SDL,mid,40,no,NA,NA,NA,NA
2018,October,9,SDL,mid,61,high,NA,NA,NA,NA
2018,October,9,SDL,mid,62,high,-0.41,-2.273,45,0.1655
2018,October,9,SDL,mid,63,high,NA,NA,NA,NA
2018,October,9,SDL,mid,64,high,-0.325,-1.66,38,0.1345
2018,October,9,SDL,mid,65,high,NA,NA,42,NA
2018,October,9,SDL,mid,G,cc,-0.6,21.665,39,0.1135
2018,October,9,SDL,mid,H,cc,-0.116,31.24,40,0.1715
2018,October,9,SDL,mid,II,cc,NA,NA,50,0.2565
2018,October,9,SDL,mid,JJ,cc,2.073,24.894,45,0.138
2018,October,9,SDL,mid,KK,cc,NA,NA,NA,NA
2018,October,9,SDL,mid,LL,ncc,NA,NA,NA,NA
2018,October,9,SDL,mid,MM,ncc,-0.145,9.529,48,0.218
2018,October,9,SDL,mid,NN,ncc,-0.126,4.241,40,0.2145
2018,October,9,SDL,mid,OO,ncc,NA,NA,NA,NA
2018,October,9,SDL,mid,PP,ncc,0.405,2.515,40,0.17
2018,October,,TOM,reg,51,ambient,1.106,34.191,38,0.1065
2018,October,,TOM,reg,52,ncc,NA,NA,NA,NA
2018,October,,TOM,reg,53,cc,-0.855,47.83,41,0.102
2018,October,,TOM,reg,54,high,0.092,8.304,40,0.1
2018,October,,TOM,reg,55,no,1.969,30.183,46,0.111
2018,October,,TOM,reg,61,high,-0.438,33.022,45,0.117
2018,October,,TOM,reg,62,ncc,NA,NA,NA,NA
2018,October,,TOM,reg,63,no,0.756,11.979,45,0.1665
2018,October,,TOM,reg,64,ambient,0.054,20.218,45,0.224
2018,October,,TOM,reg,65,cc,0.907,24.95,42,0.119
2018,October,,TOM,reg,66,no,0.054,2.57,45,0.1375
2018,October,,TOM,reg,67,ambient,-0.097,3.183,43,0.139
2018,October,,TOM,reg,68,cc,0.159,21.554,43,0.1035
2018,October,,TOM,reg,69,ncc,1.542,35.137,44,0.148
2018,October,,TOM,reg,70,high,0.888,1.401,44,0.116
2018,October,,TOM,reg,71,ambient,-0.296,42.04,43,0.1235
2018,October,,TOM,reg,72,ncc,0.206,1.179,43,0.1025
2018,October,,TOM,reg,73,cc,-0.865,21.164,40,0.0905
2018,October,,TOM,reg,74,high,0.102,13.482,43,0.2075
2018,October,,TOM,reg,75,no,NA,NA,NA,NA
2019,April,,BOD,reg,26,no,6.852,49.275,38,0.222
2019,April,,BOD,reg,27,high,19.15,232.624,32,0.2195
2019,April,,BOD,reg,28,ambient,NA,NA,NA,NA
2019,April,,BOD,reg,29,ncc,4.221,158.15,40,0.169
2019,April,,BOD,reg,30,cc,5.189,61.426,39,0.1205
2019,April,,BOD,reg,31,high,4.98,210.914,40,0.235
2019,April,,BOD,reg,32,no,3.882,229.924,39,0.4695
2019,April,,BOD,reg,33,ambient,NA,NA,44,0.54
2019,April,,BOD,reg,34,cc,3.753,109.275,41,0.1995
2019,April,,BOD,reg,35,ncc,4.883,146.323,49,0.53
2019,April,,BOD,reg,36,high,4.721,229.275,45,0.2205
2019,April,,BOD,reg,37,no,4.479,281.877,46,0.5595
2019,April,,BOD,reg,38,ncc,3.366,78.06,40,0.1885
2019,April,,BOD,reg,39,ambient,6.755,64.396,45,0.343
2019,April,,BOD,reg,40,ncc,2.349,162.902,35,0.1925
2019,April,,BOD,reg,41,cc,3.769,180.4,42,0.4195
2019,April,,BOD,reg,42,no,4.689,140.382,33,0.2185
2019,April,,BOD,reg,43,high,3.35,58.456,48,0.476
2019,April,,BOD,reg,44,ambient,4.689,54.621,31,0.149
2019,April,,BOD,reg,45,cc,NA,NA,NA,NA
2019,April,,BOD,reg,46,ambient,NA,NA,NA,NA
2019,April,,BOD,reg,47,high,NA,NA,NA,NA
2019,April,,BOL,reg,1,ncc,6.174,108.195,31,0.135
2019,April,,BOL,reg,2,no,3.188,90.535,30,0.141
2019,April,,BOL,reg,3,high,5.189,77.844,30,0.1245
2019,April,,BOL,reg,4,ambient,3.43,68.933,31,0.1305
2019,April,,BOL,reg,5,cc,3.221,118.996,32,0.151
2019,April,,BOL,reg,7,high,6.029,83.46,30,0.1425
2019,April,,BOL,reg,9,cc,NA,NA,NA,NA
2019,April,,BOL,reg,10,ambient,4.205,216.314,30,0.1415
2019,April,,BOL,reg,12,no,3.64,164.523,34,0.1675
2019,April,,BOL,reg,13,high,2.43,57.915,30,0.104
2019,April,,BOL,reg,14,no,2.446,75.737,33,0.137
2019,April,,BOL,reg,15,cc,6.61,82.272,34,0.1335
2019,April,,BOL,reg,16,no,3.317,67.907,31,0.1155
2019,April,,BOL,reg,17,ambient,3.334,62.614,33,0.1045
2019,April,,BOL,reg,18,ncc,3.915,75.845,31,0.1065
2019,April,,BOL,reg,19,cc,NA,NA,NA,NA
2019,April,,BOL,reg,20,high,NA,NA,NA,NA
2019,April,,BOL,reg,21,ambient,2.317,69.959,32,0.113
2019,April,,BOL,reg,22,ncc,2.849,68.285,33,0.139
2019,April,,BOL,reg,23,no,-0.419,23.947,35,0.1395
2019,April,,BOL,reg,24,ncc,-0.685,42.76,33,0.1445
2019,April,,BOL,reg,25,cc,2.158,74.951,34,0.1595
2019,April,,TOM,reg,51,ambient,5.448,37.771,30,0.121
2019,April,,TOM,reg,52,ncc,NA,NA,NA,NA
2019,April,,TOM,reg,53,cc,4.431,58.564,30,0.117
2019,April,,TOM,reg,54,high,4.915,54.081,29,0.1035
2019,April,,TOM,reg,55,no,6.238,61.912,31,0.1165
2019,April,,TOM,reg,61,high,3.737,61.588,30,0.1325
2019,April,,TOM,reg,62,ncc,11.548,58.672,35,NA
2019,April,,TOM,reg,63,no,4.157,41.336,35,0.1595
2019,April,,TOM,reg,64,ambient,2.478,227.925,31,0.153
2019,April,,TOM,reg,65,cc,3.656,68.825,40,0.149
2019,April,,TOM,reg,66,no,6.545,40.472,39,0.132
2019,April,,TOM,reg,67,ambient,4.044,51.921,33,0.1305
2019,April,,TOM,reg,68,cc,6.594,55.593,30,0.1325
2019,April,,TOM,reg,69,ncc,4.851,75.737,34,0.15
2019,April,,TOM,reg,70,high,3.689,23.676,31,0.1225
2019,April,,TOM,reg,71,ambient,3.995,70.553,28,0.1255
2019,April,,TOM,reg,72,ncc,2.995,45.548,30,0.107
2019,April,,TOM,reg,73,cc,5.561,44.9,30,0.0995
2019,April,,TOM,reg,74,high,3.689,62.182,30,0.116
2019,April,,TOM,reg,75,no,2.704,38.527,30,0.098
2019,July,10,BOD,reg,26,no,0.642,-2.011,50,0.267
2019,July,10,BOD,reg,27,high,-0.249,20.033,49,0.214
2019,July,10,BOD,reg,28,ambient,1.324,83.047,51,0.343
2019,July,10,BOD,reg,29,ncc,-0.789,384.132,50,0.4965
2019,July,10,BOD,reg,30,cc,1.817,143.857,47,0.425
2019,July,10,BOD,reg,31,high,0.595,286.646,46,0.31
2019,July,10,BOD,reg,32,no,NA,NA,NA,NA
2019,July,10,BOD,reg,33,ambient,-0.448,12.583,50,0.3105
2019,July,10,BOD,reg,34,cc,3.542,236.098,50,0.319
2019,July,10,BOD,reg,35,ncc,-0.382,447.602,49,0.3645
2019,July,10,BOD,reg,36,high,NA,NA,NA,NA
2019,July,10,BOD,reg,37,no,-0.334,5.02,52,0.2915
2019,July,10,BOD,reg,38,ncc,0.813,130.364,49,0.398
2019,July,10,BOD,reg,39,ambient,0.206,12.963,49,0.1775
2019,July,10,BOD,reg,40,ncc,NA,NA,47,NA
2019,July,10,BOD,reg,41,cc,0.045,276.118,45,0.305
2019,July,10,BOD,reg,42,no,4.335,11.508,52,0.137
2019,July,10,BOD,reg,43,high,2.307,29.506,50,0.232
2019,July,10,BOD,reg,44,ambient,NA,39.617,46,0.247
2019,July,10,BOD,reg,45,cc,2.176,9.952,49,0.216
2019,July,10,BOD,reg,46,ambient,NA,NA,NA,NA
2019,July,10,BOD,reg,47,high,NA,NA,NA,NA
2019,July,9,BOL,reg,1,ncc,4.143,57.171,45,0.191
2019,July,9,BOL,reg,2,no,1.864,139.553,45,0.229
2019,July,9,BOL,reg,3,high,2.761,94.668,44,0.1785
2019,July,9,BOL,reg,4,ambient,2.176,6.23,48,0.2885
2019,July,9,BOL,reg,5,cc,2.792,186.716,43,0.215
2019,July,9,BOL,reg,7,high,NA,NA,NA,NA
2019,July,9,BOL,reg,14,no,2.267,52.449,45,0.22
2019,July,9,BOL,reg,15,cc,13.765,70.225,41,0.185
2019,July,9,BOL,reg,16,no,4.556,27.34,46,0.192
2019,July,9,BOL,reg,17,ambient,3.75,23.673,45,0.1705
2019,July,9,BOL,reg,18,ncc,1.642,67.503,43,0.195
2019,July,9,BOL,reg,19,cc,2.106,31.34,40,0.155
2019,July,9,BOL,reg,20,high,1.944,57.004,46,0.2135
2019,July,9,BOL,reg,21,ambient,2.106,21.729,42,0.2055
2019,July,9,BOL,reg,22,ncc,6.301,14.785,45,0.2115
2019,July,9,BOL,reg,23,no,1.874,23.118,50,0.269
2019,July,9,BOL,reg,24,ncc,1.612,65.504,45,0.198
2019,July,9,BOL,reg,25,cc,3.548,66.226,42,0.172
2019,July,8,TOM,reg,51,ambient,3.269,56.025,41,0.1405
2019,July,8,TOM,reg,52,ncc,3.011,53.703,40,0.1285
2019,July,8,TOM,reg,53,cc,3.043,51.759,42,0.1115
2019,July,8,TOM,reg,54,high,2.446,52.623,44,0.085
2019,July,8,TOM,reg,55,no,3.689,36.205,37,0.1105
2019,July,8,TOM,reg,56,cc,3.576,72.227,43,0.272
2019,July,8,TOM,reg,61,high,6.238,64.882,43,0.101
2019,July,8,TOM,reg,62,ncc,4.479,40.526,45,0.345
2019,July,8,TOM,reg,63,no,3.091,48.681,40,0.146
2019,July,8,TOM,reg,64,ambient,3.027,53.649,45,0.1705
2019,July,8,TOM,reg,65,cc,3.172,70.823,35,0.1345
2019,July,8,TOM,reg,66,no,2.559,50.517,39,0.128
2019,July,8,TOM,reg,67,ambient,3.027,54.999,42,0.123
2019,July,8,TOM,reg,68,cc,3.091,70.229,36,0.1055
2019,July,8,TOM,reg,69,ncc,7.562,69.041,40,0.1465
2019,July,8,TOM,reg,70,high,4.931,36.151,43,0.1225
2019,July,8,TOM,reg,71,ambient,2.462,52.947,41,0.1
2019,July,8,TOM,reg,72,ncc,4.947,53.757,41,0.103
2019,July,8,TOM,reg,73,cc,2.64,55.917,40,0.0995
2019,July,8,TOM,reg,74,high,3.995,50.733,33,0.104
2019,July,8,TOM,reg,75,no,6.303,20.76,40,0.123
2019,September,17,BOD,reg,26,no,NA,NA,NA,NA
2019,September,17,BOD,reg,27,high,-0.818,196.229,44,0.2505
2019,September,17,BOD,reg,28,ambient,NA,NA,NA,NA
2019,September,17,BOD,reg,29,ncc,-0.855,468.771,45,0.298
2019,September,17,BOD,reg,30,cc,NA,NA,55,0.065
2019,September,17,BOD,reg,31,high,24.306,974.178,45,0.5305
2019,September,17,BOD,reg,32,no,NA,NA,50,0.0635
2019,September,17,BOD,reg,33,ambient,-0.059,395.153,43,0.432
2019,September,17,BOD,reg,34,cc,2.907,1355.988,49,0.392
2019,September,17,BOD,reg,35,ncc,NA,NA,NA,NA
2019,September,17,BOD,reg,36,high,-0.258,754.996,41,0.3595
2019,September,17,BOD,reg,37,no,-1.026,6.882,44,0.2745
2019,September,17,BOD,reg,39,ambient,-0.012,7.224,35,0.1255
2019,September,17,BOD,reg,40,ncc,0.32,2200.561,45,0.7995
2019,September,17,BOD,reg,41,cc,-0.429,1346.904,40,0.721
2019,September,17,BOD,reg,42,no,-0.145,846.629,40,0.21
2019,September,17,BOD,reg,43,high,-0.495,82.933,40,0.1525
2019,September,17,BOD,reg,44,ambient,NA,NA,NA,NA
2019,September,17,BOD,reg,45,cc,3.807,88.824,40,0.142
2019,September,19,BOL,reg,1,ncc,-0.789,81.489,41,0.18
2019,September,19,BOL,reg,2,no,-0.41,228.04,46,0.2255
2019,September,19,BOL,reg,3,high,3.03,180.077,35,0.139
2019,September,19,BOL,reg,4,ambient,0.377,151.838,45,0.1975
2019,September,19,BOL,reg,5,cc,-0.353,113.49,40,0.1195
2019,September,19,BOL,reg,7,high,NA,NA,NA,NA
2019,September,19,BOL,reg,10,ambient,-0.941,210.595,40,0.135
2019,September,19,BOL,reg,12,no,-0.154,489.713,43,0.213
2019,September,19,BOL,reg,13,high,1.419,88.672,46,0.1655
2019,September,19,BOL,reg,14,no,-0.609,132.531,46,0.199
2019,September,19,BOL,reg,15,cc,-0.78,81.146,40,0.1955
2019,September,19,BOL,reg,16,no,2.86,57.051,46,0.1435
2019,September,19,BOL,reg,17,ambient,0.187,23.149,45,0.1975
2019,September,19,BOL,reg,18,ncc,-0.372,147.809,39,0.15
2019,September,19,BOL,reg,19,cc,-0.069,63.892,40,0.134
2019,September,19,BOL,reg,20,high,NA,NA,NA,NA
2019,September,19,BOL,reg,21,ambient,-0.666,80.842,43,0.222
2019,September,19,BOL,reg,22,ncc,0.206,33.259,45,0.158
2019,September,19,BOL,reg,23,no,-0.865,104.938,51,0.292
2019,September,19,BOL,reg,24,ncc,-0.22,69.289,37,0.1215
2019,September,19,BOL,reg,25,cc,2.376,98.477,45,0.167
2019,September,18,TOM,reg,51,ambient,0.178,-2.163,35,0.137
2019,September,18,TOM,reg,52,ncc,0.016,-5.888,36,0.1255
2019,September,18,TOM,reg,53,cc,-0.126,-2.277,35,0.1115
2019,September,18,TOM,reg,54,high,-0.135,-7.028,37,0.096
2019,September,18,TOM,reg,55,no,-0.268,-8.054,39,0.12
2019,September,18,TOM,reg,61,high,-0.23,7.643,35,0.103
2019,September,18,TOM,reg,62,ncc,2.177,14.788,40,0.2605
2019,September,18,TOM,reg,63,no,2.253,0.345,25,0.1515
2019,September,18,TOM,reg,64,ambient,1.381,-8.89,43,0.198
2019,September,18,TOM,reg,65,cc,-0.562,58.305,30,0.1095
2019,September,18,TOM,reg,66,no,-0.107,-6.382,41,0.198
2019,September,18,TOM,reg,67,ambient,-0.04,-4.063,35,0.1715
2019,September,18,TOM,reg,68,cc,0.661,7.605,40,0.1085
2019,September,18,TOM,reg,69,ncc,-0.419,4.64,30,0.1745
2019,September,18,TOM,reg,70,high,0.026,-7.028,40,0.1555
2019,September,18,TOM,reg,71,ambient,3.798,-2.201,41,0.149
2019,September,18,TOM,reg,72,ncc,0.168,-1.365,41,0.1325
2019,September,18,TOM,reg,73,cc,-0.05,-7.446,40,0.1125
2019,September,18,TOM,reg,74,high,0.016,-5.394,45,0.1615
2019,September,18,TOM,reg,75,no,NA,NA,44,0.1675